captured_at,time_period,tvl_usd,trading_tvl_usd,total_participants,total_committed_value_usd,total_loan_balance_usd,total_loans,chain_transactions,chain_fees_usd,loan_amount_funded_usd,loans_funded,loan_amount_paid_usd,loans_paid,scrape_status,error_message
2026-03-10T11:21:26Z,3m,22410000000.0,627390000.0,71661.0,627010000.0,16510000000.000002,423000.0,,,,,,,ok,
2026-03-10T11:21:26Z,1m,22410000000.0,627390000.0,71661.0,627010000.0,16510000000.000002,423000.0,,,,,,,ok,
2026-03-10T11:21:26Z,1w,22410000000.0,627390000.0,71661.0,627010000.0,16510000000.000002,423000.0,,,,,,,ok,
2026-03-10T11:29:16Z,3m,22410000000.0,626860000.0,71661.0,626470000.0,16510000000.000002,423000.0,841761.0,461362.0,2650000000.0,26853.0,1099702365.0,304118.0,ok,
2026-03-10T11:29:16Z,1m,22410000000.0,626860000.0,71661.0,626470000.0,16510000000.000002,423000.0,,,,,,,ok,
2026-03-10T11:29:16Z,1w,22410000000.0,626860000.0,71661.0,626470000.0,16510000000.000002,423000.0,,,,,,,ok,
2026-03-10T11:35:20Z,3m,22410000000.0,626820000.0,71662.0,626420000.0,16510000000.000002,423000.0,841783.0,461362.0,2650000000.0,26853.0,1099702365.0,304118.0,ok,
2026-03-10T11:35:20Z,1m,22410000000.0,626820000.0,71662.0,626420000.0,16510000000.000002,423000.0,,,,,,,ok,
2026-03-10T11:35:20Z,1w,22410000000.0,626820000.0,71662.0,626420000.0,16510000000.000002,423000.0,,,,,,,ok,
2026-03-10T11:43:03Z,3m,22410000000.0,626810000.0,71662.0,626420000.0,16510000000.000002,423000.0,841790.0,461362.0,2650000000.0,26853.0,1099702365.0,304118.0,ok,
2026-03-10T11:43:03Z,1m,22410000000.0,626810000.0,71662.0,626420000.0,16510000000.000002,423000.0,251445.0,88306.0,1050000000.0,10615.0,294090428.0,201421.0,ok,
2026-03-10T11:43:03Z,1w,22410000000.0,626810000.0,71662.0,626420000.0,16510000000.000002,423000.0,38712.0,11065.0,365250000.0,3726.0,72810800.0,47864.0,ok,
2026-03-10T13:04:47Z,3m,22410000000.0,627380000.0,71664.0,626960000.0,16510000000.000002,423000.0,841921.0,461388.0,2650000000.0,26853.0,1099801182.0,304153.0,ok,
2026-03-10T13:04:47Z,1m,22410000000.0,627380000.0,71664.0,626960000.0,16510000000.000002,423000.0,251576.0,88333.0,1050000000.0,10615.0,294189245.0,201456.0,ok,
2026-03-10T13:04:47Z,1w,22410000000.0,627380000.0,71664.0,626960000.0,16510000000.000002,423000.0,38843.0,11091.0,365250000.0,3726.0,72909616.0,47899.0,ok,
2026-03-11T11:34:38Z,3m,22470000000.0,643840000.0,71728.0,641210000.0,16540000000.0,423700.0,837182.0,1277732.0,2660000000.0,26954.0,1093910134.0,303651.0,ok,
2026-03-11T11:34:38Z,1m,22470000000.0,643840000.0,71728.0,641210000.0,16540000000.0,423700.0,250004.0,282453.0,1090000000.0,11098.0,300861739.0,201378.0,ok,
2026-03-11T11:34:38Z,1w,22470000000.0,643840000.0,71728.0,641210000.0,16540000000.0,423700.0,37878.0,49215.0,328250000.0,3323.0,74387591.0,46604.0,ok,
2026-03-11T13:04:21Z,3m,22470000000.0,643560000.0,71728.0,640660000.0,16540000000.0,423700.0,837277.0,1277787.0,2660000000.0,26954.0,1094204495.0,303692.0,ok,
2026-03-11T13:04:21Z,1m,22470000000.0,643560000.0,71729.0,640660000.0,16540000000.0,423700.0,250099.0,282508.0,1090000000.0,11098.0,301156101.0,201419.0,ok,
2026-03-11T13:04:21Z,1w,22470000000.0,643560000.0,71728.0,640660000.0,16540000000.0,423700.0,37973.0,49269.0,328250000.0,3323.0,74681952.0,46645.0,ok,
2026-03-12T11:33:25Z,3m,22520000000.0,642820000.0,71782.0,641200000.0,16570000000.0,424400.0,833672.0,1260637.0,2670000000.0,27098.0,1091238003.0,305167.0,ok,
2026-03-12T11:33:25Z,1m,22520000000.0,642820000.0,71782.0,641200000.0,16570000000.0,424400.0,241914.0,281446.0,1150000000.0,11610.0,305606488.0,202643.0,ok,
2026-03-12T11:33:25Z,1w,22520000000.0,642820000.0,71782.0,641200000.0,16570000000.0,424400.0,37867.0,49212.0,338340000.0,3360.0,76322498.0,47719.0,ok,
2026-03-12T13:04:13Z,3m,22520000000.0,643670000.0,71784.0,642670000.0,16570000000.0,424400.0,833898.0,1260656.0,2670000000.0,27098.0,1091483262.0,305230.0,ok,
2026-03-12T13:04:13Z,1m,22520000000.0,643670000.0,71784.0,641820000.0,16570000000.0,424400.0,242140.0,281464.0,1150000000.0,11610.0,305851747.0,202706.0,ok,
2026-03-12T13:04:13Z,1w,22520000000.0,643670000.0,71784.0,642670000.0,16570000000.0,424400.0,38093.0,49230.0,338340000.0,3360.0,76567757.0,47782.0,ok,
2026-03-13T11:33:11Z,3m,22550000000.0,629470000.0,71837.0,628200000.0,16610000000.0,425000.0,837079.0,1248432.0,2690000000.0,27217.0,1084268918.0,305257.0,ok,
2026-03-13T11:33:11Z,1m,22550000000.0,629470000.0,71837.0,628200000.0,16610000000.0,425000.0,240397.0,275439.0,1120000000.0,11403.0,305960157.0,202657.0,ok,
2026-03-13T11:33:11Z,1w,22550000000.0,629470000.0,71837.0,628200000.0,16610000000.0,425000.0,42486.0,53369.0,329570000.0,3310.0,77028063.0,47333.0,ok,
2026-03-13T13:02:38Z,3m,22550000000.0,630300000.0,71839.0,628620000.0,16610000000.0,425000.0,837238.0,1248224.0,2690000000.0,27218.0,1084451620.0,305349.0,ok,
2026-03-13T13:02:38Z,1m,22550000000.0,630300000.0,71839.0,628620000.0,16610000000.0,425000.0,240556.0,275231.0,1120000000.0,11404.0,306142859.0,202749.0,ok,
2026-03-13T13:02:38Z,1w,22550000000.0,630300000.0,71839.0,628620000.0,16610000000.0,425000.0,42645.0,53160.0,329570000.0,3311.0,77210765.0,47425.0,ok,
2026-03-14T11:25:54Z,3m,22570000000.0,617630000.0,71888.0,616900000.0,16629999999.999998,425500.0,836972.0,1247461.0,2690000000.0,27279.0,1089185672.0,307160.0,ok,
2026-03-14T11:25:54Z,1m,22570000000.0,617630000.0,71888.0,616900000.0,16629999999.999998,425500.0,232986.0,272242.0,1120000000.0,11395.0,307353419.0,204152.0,ok,
2026-03-14T11:25:54Z,1w,22570000000.0,617630000.0,71888.0,616900000.0,16629999999.999998,425500.0,44034.0,58207.0,318570000.0,3183.0,76712625.0,47742.0,ok,
2026-03-14T12:55:52Z,3m,22570000000.0,617670000.0,71889.0,616820000.0,16629999999.999998,425500.0,837046.0,1247501.0,2690000000.0,27279.0,1089425892.0,307181.0,ok,
2026-03-14T12:55:52Z,1m,22570000000.0,617670000.0,71889.0,616820000.0,16629999999.999998,425500.0,233060.0,272282.0,1120000000.0,11395.0,307593638.0,204173.0,ok,
2026-03-14T12:55:52Z,1w,22570000000.0,617670000.0,71889.0,616820000.0,16629999999.999998,425500.0,44108.0,58246.0,318570000.0,3183.0,76952845.0,47763.0,ok,
2026-03-15T11:28:42Z,3m,22570000000.0,616850000.0,71943.0,616770000.0,16629999999.999998,425500.0,830629.0,1241410.0,2690000000.0,27275.0,1091766852.0,308556.0,ok,
2026-03-15T11:28:42Z,1m,22570000000.0,616850000.0,71943.0,616770000.0,16629999999.999998,425500.0,223780.0,260144.0,1080000000.0,10994.0,305107194.0,204660.0,ok,
2026-03-15T11:28:42Z,1w,22570000000.0,616850000.0,71943.0,616770000.0,16629999999.999998,425500.0,43823.0,58218.0,282700000.0,2806.0,76891095.0,49310.0,ok,
2026-03-15T12:56:47Z,3m,22570000000.0,616910000.0,71944.0,616960000.0,16629999999.999998,425500.0,830664.0,1241414.0,2690000000.0,27275.0,1091793692.0,308565.0,ok,
2026-03-15T12:56:47Z,1m,22570000000.0,616910000.0,71944.0,616960000.0,16629999999.999998,425500.0,223815.0,260148.0,1080000000.0,10994.0,305134035.0,204669.0,ok,
2026-03-15T12:56:47Z,1w,22570000000.0,616910000.0,71944.0,616960000.0,16629999999.999998,425500.0,43858.0,58222.0,282700000.0,2806.0,76917936.0,49319.0,ok,
2026-03-16T11:50:18Z,3m,22570000000.0,624120000.0,71998.0,620460000.0,16620000000.000002,425500.0,819586.0,1225324.0,2690000000.0,27269.0,1076096512.0,314388.0,ok,
2026-03-16T11:50:18Z,1m,22570000000.0,624120000.0,71998.0,620460000.0,16620000000.000002,425500.0,218800.0,248692.0,1040000000.0,10579.0,301474847.0,204269.0,ok,
2026-03-16T11:50:18Z,1w,22570000000.0,624120000.0,71998.0,620460000.0,16620000000.000002,425500.0,42036.0,59264.0,282710000.0,2807.0,78094507.0,49666.0,ok,
2026-03-16T13:16:57Z,3m,22570000000.0,625250000.0,71998.0,621050000.0,16620000000.000002,425500.0,819750.0,1225620.0,2690000000.0,27269.0,1076375204.0,314446.0,ok,
2026-03-16T13:16:57Z,1m,22570000000.0,625250000.0,71998.0,621050000.0,16620000000.000002,425500.0,218964.0,248988.0,1040000000.0,10579.0,301753539.0,204327.0,ok,
2026-03-16T13:16:57Z,1w,22570000000.0,625250000.0,71998.0,621050000.0,16620000000.000002,425500.0,42200.0,59560.0,282710000.0,2807.0,78373198.0,49724.0,ok,
2026-03-17T11:44:42Z,3m,22680000000.0,635370000.0,72079.0,633250000.0,16710000000.0,426800.0,1096280.0,1224003.0,2720000000.0,27529.0,1068798431.0,321668.0,ok,
2026-03-17T11:44:42Z,1m,22680000000.0,635370000.0,72079.0,633250000.0,16710000000.0,426800.0,502765.0,268030.0,1110000000.0,11296.0,306706070.0,205510.0,ok,
2026-03-17T11:44:42Z,1w,22680000000.0,635370000.0,72079.0,633250000.0,16710000000.0,426800.0,324085.0,79585.0,380680000.0,3806.0,80570126.0,50827.0,ok,
2026-03-17T13:16:22Z,3m,22680000000.0,635550000.0,72081.0,633330000.0,16710000000.0,426800.0,1096380.0,1224259.0,2720000000.0,27530.0,1069171270.0,321745.0,ok,
2026-03-17T13:16:22Z,1m,22680000000.0,635550000.0,72081.0,633330000.0,16710000000.0,426800.0,502865.0,268286.0,1110000000.0,11297.0,307078909.0,205587.0,ok,
2026-03-17T13:16:22Z,1w,22680000000.0,635550000.0,72081.0,633330000.0,16710000000.0,426800.0,324185.0,79841.0,380710000.0,3807.0,80942965.0,50904.0,ok,
2026-03-18T11:48:18Z,3m,22720000000.0,638050000.0,72125.0,635140000.0,16750000000.0,427500.0,1090942.0,1209429.0,2730000000.0,27629.0,1060153484.0,328167.0,ok,
2026-03-18T11:48:18Z,1m,22720000000.0,638050000.0,72125.0,635140000.0,16750000000.0,427500.0,504190.0,276045.0,1160000000.0,11819.0,311336748.0,205111.0,ok,
2026-03-18T11:48:18Z,1w,22720000000.0,638050000.0,72125.0,635140000.0,16750000000.0,427500.0,324188.0,84557.0,335000000.0,3405.0,79143967.0,50940.0,ok,
2026-03-18T13:16:51Z,3m,22720000000.0,635120000.0,72128.0,631790000.0,16750000000.0,427500.0,1091103.0,1209597.0,2730000000.0,27629.0,1061095088.0,328254.0,ok,
2026-03-18T13:16:51Z,1m,22720000000.0,635120000.0,72128.0,631790000.0,16750000000.0,427500.0,504351.0,276213.0,1160000000.0,11819.0,312278352.0,205198.0,ok,
2026-03-18T13:16:51Z,1w,22720000000.0,635120000.0,72128.0,631790000.0,16750000000.0,427500.0,324349.0,84725.0,335000000.0,3405.0,80085571.0,51027.0,ok,
2026-03-19T11:37:45Z,3m,22760000000.0,634400000.0,72184.0,627960000.0,16780000000.000002,428200.0,1194484.0,1205896.0,2740000000.0,27723.0,1050902305.0,333643.0,ok,
2026-03-19T11:37:45Z,1m,22760000000.0,634400000.0,72184.0,627960000.0,16780000000.000002,428200.0,609752.0,291573.0,1210000000.0,12344.0,315276805.0,204576.0,ok,
2026-03-19T11:37:45Z,1w,22760000000.0,634400000.0,72184.0,627960000.0,16780000000.000002,428200.0,426245.0,99762.0,338050000.0,3448.0,78028290.0,50739.0,ok,
2026-03-19T13:09:02Z,3m,22760000000.0,635850000.0,72187.0,628750000.0,16780000000.000002,428200.0,1194746.0,1206045.0,2740000000.0,27723.0,1051017864.0,333694.0,ok,
2026-03-19T13:09:02Z,1m,22760000000.0,635850000.0,72187.0,628750000.0,16780000000.000002,428200.0,610014.0,291723.0,1210000000.0,12344.0,315392365.0,204627.0,ok,
2026-03-19T13:09:02Z,1w,22760000000.0,635850000.0,72187.0,628750000.0,16780000000.000002,428200.0,426507.0,99912.0,338050000.0,3448.0,78143850.0,50790.0,ok,
2026-03-20T11:33:31Z,3m,22800000000.0,626410000.0,72247.0,625240000.0,16809999999.999998,428800.0,1212461.0,1199339.0,2750000000.0,27832.0,1043934522.0,340375.0,ok,
2026-03-20T11:33:31Z,1m,22800000000.0,626410000.0,72247.0,625240000.0,16809999999.999998,428800.0,612053.0,296810.0,1260000000.0,12817.0,320264102.0,204806.0,ok,
2026-03-20T11:33:31Z,1w,22800000000.0,626410000.0,72247.0,625240000.0,16809999999.999998,428800.0,438035.0,105086.0,330370000.0,3404.0,79289932.0,50632.0,ok,
2026-03-20T13:03:39Z,3m,22800000000.0,626440000.0,72249.0,625180000.0,16809999999.999998,428800.0,1212701.0,1199582.0,2750000000.0,27832.0,1044206229.0,340454.0,ok,
2026-03-20T13:03:39Z,1m,22800000000.0,626440000.0,72249.0,625180000.0,16809999999.999998,428800.0,612293.0,297052.0,1260000000.0,12817.0,320535809.0,204885.0,ok,
2026-03-20T13:03:39Z,1w,22800000000.0,626440000.0,72249.0,625180000.0,16809999999.999998,428800.0,438275.0,105328.0,330370000.0,3404.0,79561639.0,50711.0,ok,
2026-03-21T11:25:25Z,3m,22860000000.0,639350000.0,72287.0,638850000.0,16840000000.0,429400.0,1212260.0,1199834.0,2800000000.0,28325.0,1047562155.0,346650.0,ok,
2026-03-21T11:25:25Z,1m,22860000000.0,639350000.0,72287.0,638850000.0,16840000000.0,429400.0,611631.0,291651.0,1220000000.0,12460.0,318254960.0,204636.0,ok,
2026-03-21T11:25:25Z,1w,22860000000.0,639350000.0,72287.0,638850000.0,16840000000.0,429400.0,446233.0,104527.0,332710000.0,3407.0,76456590.0,50430.0,ok,
2026-03-21T12:53:25Z,3m,22860000000.0,639420000.0,72287.0,638910000.0,16840000000.0,429400.0,1212340.0,1199858.0,2800000000.0,28325.0,1047616528.0,346671.0,ok,
2026-03-21T12:53:25Z,1m,22860000000.0,639420000.0,72287.0,638910000.0,16840000000.0,429400.0,611711.0,291675.0,1220000000.0,12460.0,318309333.0,204657.0,ok,
2026-03-21T12:53:25Z,1w,22860000000.0,639420000.0,72287.0,638910000.0,16840000000.0,429400.0,446313.0,104551.0,332710000.0,3407.0,76510964.0,50451.0,ok,
2026-03-22T11:25:51Z,3m,22860000000.0,637080000.0,72324.0,636480000.0,16840000000.0,429400.0,1208529.0,1194780.0,2800000000.0,28326.0,1044556832.0,347265.0,ok,
2026-03-22T11:25:51Z,1m,22860000000.0,637080000.0,72324.0,636480000.0,16840000000.0,429400.0,608751.0,281725.0,1180000000.0,12087.0,310234086.0,199874.0,ok,
2026-03-22T11:25:51Z,1w,22860000000.0,637080000.0,72324.0,636480000.0,16840000000.0,429400.0,448265.0,103468.0,293970000.0,3023.0,71813170.0,45100.0,ok,
2026-03-22T12:55:28Z,3m,22850000000.0,637100000.0,72325.0,636390000.0,16840000000.0,429400.0,1210427.0,1194880.0,2800000000.0,28326.0,1044602751.0,347283.0,ok,
2026-03-22T12:55:28Z,1m,22850000000.0,637100000.0,72325.0,636390000.0,16840000000.0,429400.0,610649.0,281824.0,1180000000.0,12087.0,310280005.0,199892.0,ok,
2026-03-22T12:55:28Z,1w,22850000000.0,637100000.0,72325.0,636390000.0,16840000000.0,429400.0,450163.0,103568.0,293970000.0,3023.0,71859090.0,45118.0,ok,
2026-03-23T11:44:51Z,3m,22850000000.0,636720000.0,72368.0,634920000.0,16829999999.999998,429400.0,1201545.0,1179516.0,2800000000.0,28322.0,1033034241.0,358656.0,ok,
2026-03-23T11:44:51Z,1m,22850000000.0,636720000.0,72368.0,634920000.0,16829999999.999998,429400.0,610092.0,275572.0,1150000000.0,11701.0,309831781.0,204719.0,ok,
2026-03-23T11:44:51Z,1w,22850000000.0,636720000.0,72368.0,634920000.0,16829999999.999998,429400.0,316760.0,103973.0,294000000.0,3025.0,75018837.0,49660.0,ok,
2026-03-23T13:11:43Z,3m,22850000000.0,637160000.0,72369.0,635480000.0,16829999999.999998,429400.0,1201662.0,1179687.0,2800000000.0,28322.0,1033221576.0,358714.0,ok,
2026-03-23T13:11:43Z,1m,22850000000.0,637160000.0,72369.0,635480000.0,16829999999.999998,429400.0,610209.0,275743.0,1150000000.0,11701.0,310019117.0,204777.0,ok,
2026-03-23T13:11:43Z,1w,22850000000.0,637160000.0,72369.0,635480000.0,16829999999.999998,429400.0,316877.0,104144.0,294000000.0,3025.0,75206172.0,49718.0,ok,
2026-03-24T11:46:47Z,3m,22940000000.0,638200000.0,72428.0,637340000.0,16899999999.999998,430700.0,1200976.0,1168829.0,2840000000.0,28765.0,1024831931.0,365492.0,ok,
2026-03-24T11:46:47Z,1m,22940000000.0,638200000.0,72428.0,637340000.0,16899999999.999998,430700.0,618811.0,289809.0,1180000000.0,12117.0,312852411.0,205780.0,ok,
2026-03-24T11:46:47Z,1w,22940000000.0,638200000.0,72428.0,637340000.0,16899999999.999998,430700.0,171828.0,105798.0,387250000.0,4003.0,76307326.0,50252.0,ok,
2026-03-24T13:15:57Z,3m,22940000000.0,638210000.0,72429.0,637260000.0,16899999999.999998,430700.0,1201127.0,1168649.0,2840000000.0,28765.0,1025099213.0,365570.0,ok,
2026-03-24T13:15:57Z,1m,22940000000.0,638210000.0,72429.0,637260000.0,16899999999.999998,430700.0,618962.0,289630.0,1180000000.0,12117.0,313119693.0,205858.0,ok,
2026-03-24T13:15:57Z,1w,22940000000.0,638210000.0,72429.0,637260000.0,16899999999.999998,430700.0,171979.0,105619.0,387250000.0,4003.0,76574608.0,50330.0,ok,
2026-03-25T11:42:59Z,3m,22990000000.0,633050000.0,72511.0,631820000.0,16950000000.0,431400.0,1204832.0,1162269.0,2840000000.0,28812.0,1019434098.0,371474.0,ok,
2026-03-25T11:42:59Z,1m,22990000000.0,633050000.0,72511.0,631820000.0,16950000000.0,431400.0,624608.0,303637.0,1240000000.0,12674.0,318253244.0,205684.0,ok,
2026-03-25T11:42:59Z,1w,22990000000.0,633050000.0,72511.0,631820000.0,16950000000.0,431400.0,98937.0,99833.0,342590000.0,3555.0,75127092.0,49043.0,ok,
2026-03-25T13:14:57Z,3m,22990000000.0,632820000.0,72513.0,631420000.0,16940000000.000002,431400.0,1205044.0,1162558.0,2840000000.0,28812.0,1019891404.0,371558.0,ok,
2026-03-25T13:14:57Z,1m,22990000000.0,632820000.0,72513.0,631420000.0,16940000000.000002,431400.0,624820.0,303926.0,1240000000.0,12674.0,318710550.0,205768.0,ok,
2026-03-25T13:14:57Z,1w,22990000000.0,632820000.0,72513.0,631420000.0,16940000000.000002,431400.0,99149.0,100121.0,342590000.0,3555.0,75584398.0,49127.0,ok,
2026-03-26T11:52:05Z,3m,23060000000.0,657130000.0,72602.0,647780000.0,16980000000.0,432100.0,1209389.0,1180254.0,2850000000.0,28917.0,1025964450.0,378135.0,ok,
2026-03-26T11:52:05Z,1m,23060000000.0,657130000.0,72602.0,647780000.0,16980000000.0,432100.0,628440.0,321365.0,1290000000.0,13160.0,319646770.0,206527.0,ok,
2026-03-26T11:52:05Z,1w,23060000000.0,657130000.0,72602.0,647780000.0,16980000000.0,432100.0,69907.0,103789.0,341890000.0,3525.0,75096271.0,49045.0,ok,
2026-03-26T13:20:02Z,3m,23060000000.0,657000000.0,72604.0,647490000.0,16980000000.0,432100.0,1209542.0,1180124.0,2850000000.0,28917.0,1026056662.0,378217.0,ok,
2026-03-26T13:20:02Z,1m,23060000000.0,657000000.0,72604.0,647490000.0,16980000000.0,432100.0,628593.0,321235.0,1290000000.0,13160.0,319738983.0,206609.0,ok,
2026-03-26T13:20:02Z,1w,23060000000.0,657000000.0,72604.0,647490000.0,16980000000.0,432100.0,70060.0,103660.0,341890000.0,3525.0,75188484.0,49127.0,ok,
2026-03-27T11:42:59Z,3m,23090000000.0,634700000.0,72687.0,633740000.0,17010000000.000002,432700.0,1213557.0,1180998.0,2890000000.0,29336.0,1022377270.0,384450.0,ok,
2026-03-27T11:42:59Z,1m,23090000000.0,634700000.0,72687.0,633740000.0,17010000000.000002,432700.0,631616.0,325692.0,1250000000.0,12748.0,318116671.0,206270.0,ok,
2026-03-27T11:42:59Z,1w,23090000000.0,634700000.0,72687.0,633740000.0,17010000000.000002,432700.0,63980.0,98881.0,336580000.0,3424.0,75382857.0,49842.0,ok,
2026-03-27T13:10:37Z,3m,23090000000.0,634680000.0,72688.0,633700000.0,17010000000.000002,432700.0,1213862.0,1181302.0,2890000000.0,29336.0,1022538545.0,384506.0,ok,
2026-03-27T13:10:37Z,1m,23090000000.0,634680000.0,72688.0,633700000.0,17010000000.000002,432700.0,631921.0,325996.0,1250000000.0,12748.0,318277946.0,206326.0,ok,
2026-03-27T13:10:37Z,1w,23090000000.0,634680000.0,72688.0,633700000.0,17010000000.000002,432700.0,64285.0,99185.0,336580000.0,3424.0,75544132.0,49898.0,ok,
2026-03-28T11:30:44Z,3m,23140000000.0,648790000.0,72757.0,645430000.0,17030000000.000002,433300.0,1218849.0,1183418.0,2900000000.0,29449.0,1027098000.0,392192.0,ok,
2026-03-28T11:30:44Z,1m,23140000000.0,648790000.0,72757.0,645430000.0,17030000000.000002,433300.0,613332.0,327861.0,1250000000.0,12708.0,318978067.0,208034.0,ok,
2026-03-28T11:30:44Z,1w,23140000000.0,648790000.0,72757.0,645430000.0,17030000000.000002,433300.0,64673.0,97703.0,329660000.0,3353.0,74700909.0,50602.0,ok,
2026-03-28T12:58:41Z,3m,23140000000.0,648840000.0,72761.0,645460000.0,17030000000.000002,433300.0,1218930.0,1183458.0,2900000000.0,29449.0,1027128921.0,392219.0,ok,
2026-03-28T12:58:41Z,1m,23140000000.0,648840000.0,72761.0,645460000.0,17030000000.000002,433300.0,613413.0,327901.0,1250000000.0,12708.0,319008988.0,208061.0,ok,
2026-03-28T12:58:41Z,1w,23140000000.0,648840000.0,72761.0,645460000.0,17030000000.000002,433300.0,64753.0,97743.0,329660000.0,3353.0,74731830.0,50629.0,ok,
2026-03-29T11:31:32Z,3m,23130000000.0,645270000.0,72805.0,645020000.0,17030000000.000002,433300.0,1216105.0,1181259.0,2900000000.0,29448.0,1026406128.0,396817.0,ok,
2026-03-29T11:31:32Z,1m,23130000000.0,645270000.0,72805.0,645020000.0,17030000000.000002,433300.0,611588.0,323869.0,1200000000.0,12274.0,314777576.0,206098.0,ok,
2026-03-29T11:31:32Z,1w,23130000000.0,645270000.0,72805.0,645020000.0,17030000000.000002,433300.0,63270.0,96182.0,280800000.0,2860.0,73500079.0,49662.0,ok,
2026-03-29T12:59:40Z,3m,23130000000.0,645300000.0,72808.0,645030000.0,17030000000.000002,433300.0,1216177.0,1181312.0,2900000000.0,29448.0,1026408813.0,396824.0,ok,
2026-03-29T12:59:40Z,1m,23130000000.0,645300000.0,72808.0,645030000.0,17030000000.000002,433300.0,611678.0,323922.0,1200000000.0,12274.0,314780261.0,206105.0,ok,
2026-03-29T12:59:40Z,1w,23130000000.0,645300000.0,72808.0,645030000.0,17030000000.000002,433300.0,63342.0,96235.0,280800000.0,2860.0,73502764.0,49669.0,ok,
2026-03-30T08:25:46Z,24h,23150000000.0,657700000.0,72845.0,657220000.0,17030000000.000002,433300.0,1919.0,460.0,0.0,0.0,554729.0,137.0,ok,
2026-03-30T08:25:46Z,3m,23150000000.0,657700000.0,72845.0,657220000.0,17030000000.000002,433300.0,1209169.0,1167270.0,2900000000.0,29445.0,1006034013.0,397263.0,ok,
2026-03-30T08:25:46Z,1m,23150000000.0,657700000.0,72845.0,657220000.0,17030000000.000002,433300.0,609998.0,316989.0,1160000000.0,11809.0,304220496.0,199645.0,ok,
2026-03-30T08:25:46Z,1w,23150000000.0,657700000.0,72845.0,657220000.0,17030000000.000002,433300.0,59163.0,95392.0,280750000.0,2858.0,69218468.0,44204.0,ok,
2026-03-31T01:23:20Z,24h,23130000000.0,640500000.0,72899.0,640030000.0,17000000000.0,433300.0,504.0,1171.0,0.0,0.0,914262.0,50.0,ok,
2026-03-31T01:23:20Z,3m,23130000000.0,640500000.0,72899.0,640030000.0,17000000000.0,433300.0,1207762.0,1155268.0,2850000000.0,28909.0,1002495506.0,402961.0,ok,
2026-03-31T01:23:20Z,1m,23130000000.0,640500000.0,72899.0,640030000.0,17000000000.0,433300.0,613728.0,321709.0,1130000000.0,11491.0,312522433.0,197776.0,ok,
2026-03-31T01:23:20Z,1w,23130000000.0,640500000.0,72899.0,640030000.0,17000000000.0,433300.0,53732.0,91973.0,280760000.0,2856.0,75961979.0,43399.0,ok,
2026-04-01T01:30:10Z,24h,23180000000.0,640890000.0,72977.0,640570000.0,17040000000.0,433900.0,285.0,761.0,0.0,0.0,126169.0,47.0,ok,
2026-04-01T01:30:10Z,3m,23180000000.0,640890000.0,72977.0,640570000.0,17040000000.0,433900.0,1213459.0,1152641.0,2900000000.0,29418.0,1012096459.0,405333.0,ok,
2026-04-01T01:30:10Z,1m,23180000000.0,640890000.0,72977.0,640570000.0,17040000000.0,433900.0,618581.0,332001.0,1190000000.0,12124.0,321530759.0,184196.0,ok,
2026-04-01T01:30:10Z,1w,23180000000.0,640890000.0,72977.0,640570000.0,17040000000.0,433900.0,54039.0,86703.0,250380000.0,2514.0,87864900.0,39050.0,ok,
2026-04-02T01:20:17Z,24h,23210000000.0,645660000.0,73058.0,645580000.0,17070000000.0,434300.0,288.0,508.0,0.0,0.0,97285.0,70.0,ok,
2026-04-02T01:20:17Z,3m,23210000000.0,645660000.0,73058.0,645580000.0,17070000000.0,434300.0,1216481.0,1156261.0,2920000000.0,29586.0,1018108725.0,412551.0,ok,
2026-04-02T01:20:17Z,1m,23210000000.0,645660000.0,73058.0,645580000.0,17070000000.0,434300.0,618783.0,334418.0,1220000000.0,12429.0,324934576.0,184055.0,ok,
2026-04-02T01:20:17Z,1w,23210000000.0,645660000.0,73058.0,645580000.0,17070000000.0,434300.0,52102.0,71611.0,225000000.0,2261.0,89688198.0,40136.0,ok,
2026-04-03T01:22:30Z,24h,23330000000.0,638610000.0,73140.0,638350000.0,17180000000.0,436100.0,205.0,492.0,0.0,0.0,147681.0,50.0,ok,
2026-04-03T01:22:30Z,3m,23330000000.0,638610000.0,73140.0,638350000.0,17180000000.0,436100.0,1223854.0,1158878.0,3030000000.0,30790.0,1024456477.0,420587.0,ok,
2026-04-03T01:22:30Z,1m,23330000000.0,638610000.0,73140.0,638350000.0,17180000000.0,436100.0,626741.0,337591.0,1250000000.0,12752.0,335353655.0,185290.0,ok,
2026-04-03T01:22:30Z,1w,23330000000.0,638530000.0,73140.0,638350000.0,17180000000.0,436100.0,56910.0,72510.0,295810000.0,2980.0,100159030.0,41542.0,ok,
2026-04-04T01:16:52Z,24h,23370000000.0,636690000.0,73200.0,636670000.0,17210000000.0,436800.0,138.0,210.0,0.0,0.0,62296.0,39.0,ok,
2026-04-04T01:16:52Z,3m,23370000000.0,636690000.0,73200.0,636670000.0,17210000000.0,436800.0,1229859.0,1159397.0,3050000000.0,30905.0,1031894559.0,428008.0,ok,
2026-04-04T01:16:52Z,1m,23370000000.0,636690000.0,73200.0,636670000.0,17210000000.0,436800.0,629519.0,340656.0,1260000000.0,12810.0,339383007.0,187077.0,ok,
2026-04-04T01:16:52Z,1w,23370000000.0,636690000.0,73200.0,636670000.0,17210000000.0,436800.0,59379.0,70572.0,303360000.0,3093.0,103656169.0,42350.0,ok,
2026-04-05T01:26:09Z,24h,23410000000.0,638090000.0,73250.0,638080000.0,17240000000.0,437400.0,80.0,50.0,10000.0,1.0,32270.0,25.0,ok,
2026-04-05T01:26:09Z,3m,23410000000.0,638090000.0,73250.0,638080000.0,17240000000.0,437400.0,1230204.0,1157046.0,3080000000.0,31339.0,1032574340.0,433325.0,ok,
2026-04-05T01:26:09Z,1m,23410000000.0,638090000.0,73250.0,638080000.0,17240000000.0,437400.0,629198.0,336127.0,1250000000.0,12706.0,334318033.0,185897.0,ok,
2026-04-05T01:26:09Z,1w,23410000000.0,638090000.0,73250.0,638080000.0,17240000000.0,437400.0,61350.0,68177.0,302570000.0,3127.0,101383503.0,40651.0,ok,
2026-04-06T01:26:11Z,24h,23410000000.0,640150000.0,73295.0,639950000.0,17250000000.0,437400.0,116.0,40.0,0.0,0.0,37627.0,23.0,ok,
2026-04-06T01:26:11Z,3m,23410000000.0,640150000.0,73295.0,639950000.0,17250000000.0,437400.0,1222836.0,1142562.0,3080000000.0,31334.0,1021131296.0,439167.0,ok,
2026-04-06T01:26:11Z,1m,23410000000.0,640150000.0,73295.0,639950000.0,17250000000.0,437400.0,628466.0,329910.0,1200000000.0,12193.0,328042946.0,185332.0,ok,
2026-04-06T01:26:11Z,1w,23410000000.0,640150000.0,73295.0,639950000.0,17250000000.0,437400.0,56629.0,67498.0,302630000.0,3128.0,102891066.0,42041.0,ok,
2026-04-07T01:23:56Z,24h,23400000000.0,634300000.0,73374.0,633790000.0,17230000000.0,437400.0,200.0,693.0,8500.0,1.0,201205.0,40.0,ok,
2026-04-07T01:23:56Z,3m,23400000000.0,634300000.0,73374.0,633790000.0,17230000000.0,437400.0,1220298.0,1132257.0,3040000000.0,30880.0,1017579188.0,445316.0,ok,
2026-04-07T01:23:56Z,1m,23400000000.0,634300000.0,73374.0,633790000.0,17230000000.0,437400.0,633814.0,336550.0,1160000000.0,11820.0,335883243.0,186070.0,ok,
2026-04-07T01:23:56Z,1w,23400000000.0,634300000.0,73374.0,633790000.0,17230000000.0,437400.0,53086.0,68732.0,302710000.0,3130.0,100907377.0,42405.0,ok,
2026-04-08T01:24:52Z,24h,23490000000.0,638180000.0,73463.0,637740000.0,17290000000.0,438700.0,242.0,604.0,0.0,0.0,119401.0,45.0,ok,
2026-04-08T01:24:52Z,3m,23490000000.0,638180000.0,73463.0,637740000.0,17290000000.0,438700.0,1221383.0,1125587.0,3110000000.0,31634.0,1009156917.0,450958.0,ok,
2026-04-08T01:24:52Z,1m,23490000000.0,638180000.0,73463.0,637740000.0,17290000000.0,438700.0,641334.0,348326.0,1250000000.0,12785.0,341997409.0,186236.0,ok,
2026-04-08T01:24:52Z,1w,23490000000.0,638180000.0,73463.0,637740000.0,17290000000.0,438700.0,56794.0,69344.0,329230000.0,3461.0,88228520.0,45672.0,ok,
2026-04-09T01:16:04Z,24h,23530000000.0,630490000.0,73546.0,630400000.0,17320000000.0,439400.0,204.0,566.0,0.0,0.0,163307.0,51.0,ok,
2026-04-09T01:16:04Z,3m,23530000000.0,630490000.0,73546.0,630400000.0,17320000000.0,439400.0,1224396.0,1118913.0,3130000000.0,31829.0,1006159059.0,457152.0,ok,
2026-04-09T01:16:04Z,1m,23530000000.0,630490000.0,73546.0,630400000.0,17320000000.0,439400.0,646340.0,354414.0,1300000000.0,13317.0,348450477.0,186311.0,ok,
2026-04-09T01:16:04Z,1w,23530000000.0,630490000.0,73546.0,630400000.0,17320000000.0,439400.0,53934.0,71319.0,351210000.0,3691.0,90715496.0,44671.0,ok,
2026-04-10T01:25:40Z,24h,23580000000.0,632560000.0,73644.0,632240000.0,17360000000.0,440100.0,367.0,480.0,24500.0,2.0,296653.0,48.0,ok,
2026-04-10T01:25:40Z,3m,23580000000.0,632560000.0,73644.0,632240000.0,17360000000.0,440100.0,1228280.0,1113386.0,3140000000.0,32010.0,1003319122.0,464181.0,ok,
2026-04-10T01:25:40Z,1m,23580000000.0,632560000.0,73644.0,632240000.0,17360000000.0,440100.0,649166.0,356122.0,1260000000.0,12906.0,350923515.0,186954.0,ok,
2026-04-10T01:25:40Z,1w,23580000000.0,632560000.0,73644.0,632240000.0,17360000000.0,440100.0,53928.0,66325.0,282750000.0,2994.0,84289230.0,43644.0,ok,
2026-04-11T01:20:20Z,24h,23600000000.0,624920000.0,73713.0,624560000.0,17390000000.0,440600.0,246.0,463.0,0.0,0.0,80336.0,47.0,ok,
2026-04-11T01:20:20Z,3m,23600000000.0,624920000.0,73713.0,624560000.0,17390000000.0,440600.0,1234053.0,1116089.0,3150000000.0,32182.0,1007506290.0,471560.0,ok,
2026-04-11T01:20:20Z,1m,23600000000.0,624920000.0,73713.0,624560000.0,17390000000.0,440600.0,647845.0,359179.0,1250000000.0,12846.0,350957930.0,188656.0,ok,
2026-04-11T01:20:20Z,1w,23600000000.0,624920000.0,73713.0,624560000.0,17390000000.0,440600.0,57752.0,66350.0,270130000.0,2880.0,82308414.0,43591.0,ok,
2026-04-12T01:29:57Z,24h,23650000000.0,633040000.0,73787.0,633030000.0,17420000000.0,441200.0,166.0,48.0,0.0,0.0,22096.0,21.0,ok,
2026-04-12T01:29:57Z,3m,23650000000.0,633040000.0,73787.0,633030000.0,17420000000.0,441200.0,1235774.0,1115058.0,3190000000.0,32587.0,1008801668.0,477078.0,ok,
2026-04-12T01:29:57Z,1m,23650000000.0,633040000.0,73787.0,633030000.0,17420000000.0,441200.0,649755.0,353356.0,1230000000.0,12737.0,345661748.0,187335.0,ok,
2026-04-12T01:29:57Z,1w,23650000000.0,633040000.0,73787.0,633030000.0,17420000000.0,441200.0,62204.0,67350.0,269910000.0,2854.0,82874553.0,43778.0,ok,
2026-04-13T01:47:22Z,24h,23640000000.0,631030000.0,73845.0,630900000.0,17420000000.0,441200.0,172.0,73.0,0.0,0.0,59044.0,30.0,ok,
2026-04-13T01:47:22Z,3m,23640000000.0,631030000.0,73845.0,630900000.0,17420000000.0,441200.0,1228232.0,1106655.0,3190000000.0,32585.0,996482392.0,483205.0,ok,
2026-04-13T01:47:22Z,1m,23640000000.0,631030000.0,73845.0,630900000.0,17420000000.0,441200.0,650276.0,342296.0,1190000000.0,12249.0,339209967.0,186985.0,ok,
2026-04-13T01:47:22Z,1w,23640000000.0,631030000.0,73845.0,630900000.0,17420000000.0,441200.0,58845.0,68289.0,269910000.0,2854.0,83279125.0,44061.0,ok,
2026-04-14T01:29:39Z,24h,23640000000.0,628980000.0,73924.0,628640000.0,17400000000.0,441200.0,282.0,696.0,0.0,0.0,71941.0,46.0,ok,
2026-04-14T01:29:39Z,3m,23640000000.0,628980000.0,73924.0,628640000.0,17400000000.0,441200.0,1223632.0,1099778.0,3120000000.0,31948.0,995805703.0,489143.0,ok,
2026-04-14T01:29:39Z,1m,23640000000.0,628980000.0,73924.0,628640000.0,17400000000.0,441200.0,656288.0,350128.0,1150000000.0,11866.0,348914714.0,186978.0,ok,
2026-04-14T01:29:39Z,1w,23640000000.0,628980000.0,73924.0,628640000.0,17400000000.0,441200.0,55128.0,71990.0,269810000.0,2853.0,84760149.0,43867.0,ok,
2026-04-15T01:25:49Z,24h,23740000000.0,626560000.0,74020.0,626290000.0,17500000000.0,442700.0,342.0,604.0,0.0,0.0,600666.0,48.0,ok,
2026-04-15T01:25:49Z,3m,23740000000.0,626560000.0,74020.0,626290000.0,17500000000.0,442700.0,1225692.0,1091780.0,3190000000.0,32653.0,993915592.0,495287.0,ok,
2026-04-15T01:25:49Z,1m,23740000000.0,626560000.0,74020.0,626290000.0,17500000000.0,442700.0,532477.0,361552.0,1250000000.0,12935.0,356852247.0,186291.0,ok,
2026-04-15T01:25:49Z,1w,23740000000.0,626560000.0,74020.0,626290000.0,17500000000.0,442700.0,56358.0,72528.0,279950000.0,2956.0,88376535.0,44374.0,ok,
2026-04-16T01:46:35Z,24h,23790000000.0,625820000.0,74106.0,625610000.0,17540000000.0,443400.0,373.0,673.0,90300.0,1.0,252991.0,56.0,ok,
2026-04-16T01:46:35Z,3m,23790000000.0,625820000.0,74106.0,625610000.0,17540000000.0,443400.0,1226619.0,1090464.0,3200000000.0,32815.0,985490668.0,502956.0,ok,
2026-04-16T01:46:35Z,1m,23790000000.0,625820000.0,74106.0,625610000.0,17540000000.0,443400.0,387154.0,365090.0,1300000000.0,13458.0,359557318.0,187716.0,ok,
2026-04-16T01:46:35Z,1w,23790000000.0,625820000.0,74106.0,625610000.0,17540000000.0,443400.0,58016.0,79253.0,282580000.0,2943.0,85623213.0,45855.0,ok,
2026-04-17T01:29:27Z,24h,23860000000.0,645860000.0,74199.0,643760000.0,17570000000.0,444200.0,286.0,617.0,0.0,0.0,105090.0,47.0,ok,
2026-04-17T01:29:27Z,3m,23860000000.0,645860000.0,74199.0,643760000.0,17570000000.0,444200.0,1232641.0,1083233.0,3220000000.0,32988.0,982536975.0,510301.0,ok,
2026-04-17T01:29:27Z,1m,23860000000.0,645860000.0,74199.0,643760000.0,17570000000.0,444200.0,316353.0,356796.0,1250000000.0,12987.0,362430340.0,187870.0,ok,
2026-04-17T01:29:27Z,1w,23860000000.0,645860000.0,74199.0,643760000.0,17570000000.0,444200.0,60042.0,81947.0,280940000.0,2965.0,85560872.0,46120.0,ok,
2026-04-18T01:22:57Z,24h,23910000000.0,643790000.0,74327.0,643490000.0,17610000000.0,445000.0,240.0,498.0,0.0,0.0,187739.0,48.0,ok,
2026-04-18T01:22:57Z,3m,23910000000.0,643790000.0,74327.0,643490000.0,17610000000.0,445000.0,1243084.0,1084038.0,3250000000.0,33244.0,988850815.0,518579.0,ok,
2026-04-18T01:22:57Z,1m,23910000000.0,643790000.0,74327.0,643490000.0,17610000000.0,445000.0,288120.0,346799.0,1250000000.0,12993.0,364882145.0,189489.0,ok,
2026-04-18T01:22:57Z,1w,23910000000.0,643790000.0,74327.0,643490000.0,17610000000.0,445000.0,63781.0,81935.0,292370000.0,3068.0,87443765.0,47019.0,ok,
2026-04-19T01:46:00Z,24h,23950000000.0,641290000.0,74420.0,641210000.0,17650000000.0,445600.0,136.0,86.0,0.0,0.0,81410.0,21.0,ok,
2026-04-19T01:46:00Z,3m,23950000000.0,641290000.0,74420.0,641210000.0,17650000000.0,445600.0,1248107.0,1081583.0,3290000000.0,33710.0,991401139.0,525134.0,ok,
2026-04-19T01:46:00Z,1m,23950000000.0,641290000.0,74420.0,641210000.0,17650000000.0,445600.0,278596.0,334223.0,1250000000.0,12933.0,362919008.0,190526.0,ok,
2026-04-19T01:46:00Z,1w,23950000000.0,641290000.0,74420.0,641210000.0,17650000000.0,445600.0,66249.0,82458.0,300330000.0,3126.0,89913323.0,48056.0,ok,
2026-04-20T01:47:58Z,24h,23940000000.0,639600000.0,74512.0,639320000.0,17650000000.0,445600.0,216.0,112.0,0.0,0.0,113813.0,30.0,ok,
2026-04-20T01:47:58Z,3m,23940000000.0,639600000.0,74512.0,639320000.0,17650000000.0,445600.0,1246088.0,1076877.0,3290000000.0,33706.0,990884746.0,530173.0,ok,
2026-04-20T01:47:58Z,1m,23940000000.0,639600000.0,74512.0,639320000.0,17650000000.0,445600.0,273200.0,322724.0,1200000000.0,12459.0,356207626.0,188583.0,ok,
2026-04-20T01:47:58Z,1w,23940000000.0,639600000.0,74512.0,639320000.0,17650000000.0,445600.0,61832.0,82211.0,300280000.0,3124.0,88876085.0,46968.0,ok,
2026-04-21T01:29:29Z,24h,23940000000.0,642780000.0,74611.0,642390000.0,17630000000.0,445600.0,339.0,878.0,0.0,0.0,169601.0,38.0,ok,
2026-04-21T01:29:29Z,3m,23940000000.0,642780000.0,74611.0,642390000.0,17630000000.0,445600.0,1244624.0,1073776.0,3290000000.0,33703.0,984227086.0,536966.0,ok,
2026-04-21T01:29:29Z,1m,23940000000.0,642780000.0,74611.0,642390000.0,17630000000.0,445600.0,274597.0,327518.0,1150000000.0,11968.0,363708149.0,189811.0,ok,
2026-04-21T01:29:29Z,1w,23940000000.0,642780000.0,74611.0,642390000.0,17630000000.0,445600.0,55364.0,80216.0,300110000.0,3124.0,86314024.0,47823.0,ok,
2026-04-22T01:28:17Z,24h,24020000000.0,632750000.0,74703.0,632640000.0,17710000000.0,446800.0,240.0,659.0,20200.0,1.0,89789.0,42.0,ok,
2026-04-22T01:28:17Z,3m,24020000000.0,632750000.0,74703.0,632640000.0,17710000000.0,446800.0,1247447.0,1071647.0,3320000000.0,33942.0,978818918.0,542865.0,ok,
2026-04-22T01:28:17Z,1m,24020000000.0,632750000.0,74703.0,632640000.0,17710000000.0,446800.0,282253.0,344167.0,1250000000.0,12922.0,370820112.0,189806.0,ok,
2026-04-22T01:28:17Z,1w,24020000000.0,632750000.0,74703.0,632640000.0,17710000000.0,446800.0,58646.0,85978.0,294160000.0,3011.0,83670833.0,47578.0,ok,
2026-04-23T01:46:44Z,24h,24050000000.0,614070000.0,74817.0,613420000.0,17740000000.0,447600.0,369.0,596.0,0.0,0.0,144245.0,50.0,ok,
2026-04-23T01:46:44Z,3m,24050000000.0,614070000.0,74817.0,613420000.0,17740000000.0,447600.0,1246273.0,1066419.0,3330000000.0,34145.0,976832889.0,549533.0,ok,
2026-04-23T01:46:44Z,1m,24050000000.0,614070000.0,74817.0,613420000.0,17740000000.0,447600.0,282680.0,348005.0,1300000000.0,13455.0,375214047.0,189971.0,ok,
2026-04-23T01:46:44Z,1w,24050000000.0,614070000.0,74817.0,613420000.0,17740000000.0,447600.0,58815.0,82813.0,289050000.0,3024.0,85926503.0,46577.0,ok,
2026-04-24T01:45:46Z,24h,24100000000.0,603610000.0,74932.0,603560000.0,17780000000.0,448300.0,318.0,587.0,0.0,0.0,170467.0,52.0,ok,
2026-04-24T01:45:46Z,3m,24100000000.0,603610000.0,74932.0,603560000.0,17780000000.0,448300.0,1241403.0,1052938.0,3360000000.0,34320.0,978963789.0,557098.0,ok,
2026-04-24T01:45:46Z,1m,24100000000.0,603610000.0,74932.0,603560000.0,17780000000.0,448300.0,285449.0,346322.0,1270000000.0,13088.0,384510725.0,190815.0,ok,
2026-04-24T01:45:46Z,1w,24100000000.0,603610000.0,74932.0,603560000.0,17780000000.0,448300.0,60860.0,85331.0,305050000.0,3098.0,92182912.0,46797.0,ok,
2026-04-25T01:25:45Z,24h,24140000000.0,595100000.0,75015.0,594960000.0,17830000000.0,449100.0,230.0,555.0,0.0,0.0,207395.0,51.0,ok,
2026-04-25T01:25:45Z,3m,24140000000.0,595100000.0,75015.0,594960000.0,17830000000.0,449100.0,1247241.0,1055789.0,3360000000.0,34392.0,982791715.0,564889.0,ok,
2026-04-25T01:25:45Z,1m,24140000000.0,595100000.0,75015.0,594960000.0,17830000000.0,449100.0,288338.0,335536.0,1260000000.0,13075.0,384800743.0,192474.0,ok,
2026-04-25T01:25:45Z,1w,24140000000.0,595100000.0,75015.0,594960000.0,17830000000.0,449100.0,67318.0,88580.0,303650000.0,3118.0,89744193.0,46310.0,ok,
2026-04-26T01:47:47Z,24h,24190000000.0,595390000.0,75100.0,595320000.0,17870000000.0,449700.0,95.0,95.0,0.0,0.0,95547.0,17.0,ok,
2026-04-26T01:47:47Z,3m,24190000000.0,595390000.0,75100.0,595320000.0,17870000000.0,449700.0,1238496.0,1056781.0,3410000000.0,34929.0,984677704.0,570841.0,ok,
2026-04-26T01:47:47Z,1m,24190000000.0,595390000.0,75100.0,595320000.0,17870000000.0,449700.0,286007.0,328392.0,1260000000.0,13122.0,380543899.0,191796.0,ok,
2026-04-26T01:47:47Z,1w,24190000000.0,595390000.0,75100.0,595320000.0,17870000000.0,449700.0,71452.0,89908.0,305190000.0,3189.0,87529948.0,45707.0,ok,
2026-04-27T01:51:56Z,24h,24190000000.0,597660000.0,75186.0,597500000.0,17870000000.0,449700.0,215.0,110.0,0.0,0.0,59783.0,21.0,ok,
2026-04-27T01:51:56Z,3m,24190000000.0,597660000.0,75186.0,597500000.0,17870000000.0,449700.0,1217100.0,1028383.0,3410000000.0,34927.0,981533834.0,571312.0,ok,
2026-04-27T01:51:56Z,1m,24190000000.0,597660000.0,75186.0,597500000.0,17870000000.0,449700.0,283696.0,319247.0,1220000000.0,12697.0,376812465.0,191199.0,ok,
2026-04-27T01:51:56Z,1w,24190000000.0,597660000.0,75186.0,597500000.0,17870000000.0,449700.0,68919.0,91716.0,305190000.0,3189.0,89394351.0,46684.0,ok,
2026-04-28T01:59:26Z,24h,24170000000.0,586520000.0,75280.0,585230000.0,17850000000.0,449700.0,373.0,913.0,0.0,0.0,145059.0,56.0,ok,
2026-04-28T01:59:26Z,3m,24170000000.0,586520000.0,75280.0,585230000.0,17850000000.0,449700.0,1215971.0,1018063.0,3340000000.0,34256.0,989605731.0,572291.0,ok,
2026-04-28T01:59:26Z,1m,24170000000.0,586520000.0,75280.0,585230000.0,17850000000.0,449700.0,288856.0,329578.0,1180000000.0,12296.0,385824891.0,190513.0,ok,
2026-04-28T01:59:26Z,1w,24170000000.0,586520000.0,75280.0,585230000.0,17850000000.0,449700.0,63847.0,97796.0,305170000.0,3188.0,92240377.0,46221.0,ok,
2026-04-29T02:01:34Z,24h,24280000000.0,587760000.0,75356.0,587590000.0,17930000000.0,451200.0,359.0,804.0,0.0,0.0,46783.0,49.0,ok,
2026-04-29T02:01:34Z,3m,24280000000.0,587760000.0,75356.0,587590000.0,17930000000.0,451200.0,1221655.0,1021041.0,3410000000.0,35037.0,1001374118.0,572876.0,ok,
2026-04-29T02:01:34Z,1m,24280000000.0,587760000.0,75356.0,587590000.0,17930000000.0,451200.0,297171.0,349984.0,1290000000.0,13439.0,403505879.0,193470.0,ok,
2026-04-29T02:01:34Z,1w,24280000000.0,587760000.0,75356.0,587590000.0,17930000000.0,451200.0,67719.0,100748.0,322710000.0,3375.0,101349506.0,47731.0,ok,
2026-04-30T02:00:47Z,24h,24330000000.0,584970000.0,75447.0,584550000.0,17970000000.0,452000.0,427.0,702.0,314100.0,2.0,240380.0,55.0,ok,
2026-04-30T02:00:47Z,3m,24330000000.0,584970000.0,75447.0,584550000.0,17970000000.0,452000.0,1221497.0,1021851.0,3430000000.0,35236.0,1011508173.0,572452.0,ok,
2026-04-30T02:00:47Z,1m,24330000000.0,584970000.0,75447.0,584550000.0,17970000000.0,452000.0,299228.0,359616.0,1340000000.0,14008.0,404878327.0,193063.0,ok,
2026-04-30T02:00:47Z,1w,24330000000.0,584970000.0,75447.0,584550000.0,17970000000.0,452000.0,67533.0,102413.0,328950000.0,3409.0,104711997.0,46441.0,ok,
2026-05-01T02:05:37Z,24h,24380000000.0,586680000.0,75537.0,586520000.0,18020000000.0,452700.0,400.0,1732.0,0.0,0.0,137080.0,75.0,ok,
2026-05-01T02:05:37Z,3m,24380000000.0,586680000.0,75537.0,586520000.0,18020000000.0,452700.0,1228418.0,1021745.0,3450000000.0,35416.0,1010951500.0,572721.0,ok,
2026-05-01T02:05:37Z,1m,24380000000.0,586680000.0,75537.0,586520000.0,18020000000.0,452700.0,306212.0,367897.0,1340000000.0,13948.0,392171715.0,197751.0,ok,
2026-05-01T02:05:37Z,1w,24380000000.0,586680000.0,75537.0,586520000.0,18020000000.0,452700.0,69688.0,107517.0,320050000.0,3374.0,95399721.0,45939.0,ok,
2026-05-02T01:51:38Z,24h,24430000000.0,584490000.0,75613.0,584490000.0,18050000000.0,453400.0,481.0,0.0,0.0,0.0,0.0,0.0,ok,
2026-05-02T01:51:38Z,3m,24430000000.0,584490000.0,75613.0,584490000.0,18050000000.0,453400.0,1236761.0,1028511.0,3470000000.0,35677.0,1010324412.0,580130.0,ok,
2026-05-02T01:51:38Z,1m,24430000000.0,584490000.0,75613.0,584490000.0,18050000000.0,453400.0,304331.0,372609.0,1350000000.0,14172.0,395488970.0,200008.0,ok,
2026-05-02T01:51:38Z,1w,24430000000.0,584490000.0,75613.0,584490000.0,18050000000.0,453400.0,75006.0,108176.0,316380000.0,3358.0,100279141.0,47600.0,ok,
2026-05-03T01:54:17Z,24h,24480000000.0,588030000.0,75664.0,588030000.0,18090000000.0,454200.0,10233.0,0.0,0.0,0.0,0.0,0.0,ok,
2026-05-03T01:54:17Z,3m,24480000000.0,588030000.0,75664.0,588030000.0,18090000000.0,454200.0,,1020945.0,3470000000.0,,1003571820.0,573842.0,ok,
2026-05-03T01:54:17Z,1m,24480000000.0,588030000.0,75664.0,588030000.0,18090000000.0,454200.0,294896.0,357061.0,1230000000.0,12962.0,374221055.0,191952.0,ok,
2026-05-03T01:54:17Z,1w,24480000000.0,588030000.0,75664.0,588030000.0,18090000000.0,454200.0,70441.0,100687.0,268600000.0,2820.0,93688505.0,41648.0,ok,
2026-05-04T01:55:56Z,24h,24480000000.0,587910000.0,75713.0,587910000.0,18090000000.0,454200.0,5503.0,0.0,0.0,0.0,0.0,0.0,ok,
2026-05-04T01:55:56Z,3m,24480000000.0,587910000.0,75713.0,587910000.0,18090000000.0,454200.0,1224523.0,1007444.0,3470000000.0,,993602199.0,567268.0,ok,
2026-05-04T01:55:56Z,1m,24480000000.0,587910000.0,75713.0,587910000.0,18090000000.0,454200.0,298278.0,345040.0,1180000000.0,12424.0,359775513.0,184520.0,ok,
2026-05-04T01:55:56Z,1w,24480000000.0,587910000.0,75713.0,587910000.0,18090000000.0,454200.0,70692.0,96154.0,268600000.0,2820.0,86556920.0,35632.0,ok,
2026-05-05T01:56:09Z,24h,24480000000.0,588400000.0,75788.0,588400000.0,18070000000.0,454200.0,8934.0,0.0,0.0,0.0,0.0,0.0,ok,
2026-05-05T01:56:09Z,3m,24480000000.0,588400000.0,75788.0,588400000.0,18070000000.0,454200.0,,990069.0,3390000000.0,34929.0,983969618.0,560883.0,ok,
2026-05-05T01:56:09Z,1m,24480000000.0,588400000.0,75788.0,588400000.0,18070000000.0,454200.0,300111.0,340403.0,1140000000.0,11989.0,354006330.0,179189.0,ok,
2026-05-05T01:56:09Z,1w,24480000000.0,588400000.0,75788.0,588400000.0,18070000000.0,454200.0,59453.0,78952.0,268590000.0,2819.0,69532672.0,29302.0,ok,
2026-05-06T01:54:46Z,24h,24600000000.0,606500000.0,75875.0,605080000.0,18160000000.0,455700.0,332.0,908.0,0.0,0.0,723055.0,55.0,ok,
2026-05-06T01:54:46Z,3m,24600000000.0,606500000.0,75875.0,605080000.0,18160000000.0,455700.0,1221399.0,1029858.0,3520000000.0,36334.0,1033891792.0,582930.0,ok,
2026-05-06T01:54:46Z,1m,24600000000.0,606500000.0,75875.0,605080000.0,18160000000.0,455700.0,316244.0,395827.0,1310000000.0,13783.0,408041954.0,200619.0,ok,
2026-05-06T01:54:46Z,1w,24600000000.0,606500000.0,75875.0,605080000.0,18160000000.0,455700.0,69902.0,113301.0,319240000.0,3472.0,107389514.0,49167.0,ok,
2026-05-07T01:58:46Z,24h,24650000000.0,601540000.0,75941.0,601200000.0,18190000000.0,456600.0,338.0,879.0,0.0,0.0,392620.0,65.0,ok,
2026-05-07T01:58:46Z,3m,24650000000.0,601540000.0,75941.0,601200000.0,18190000000.0,456600.0,1221627.0,1029066.0,3540000000.0,36607.0,1035650073.0,583466.0,ok,
2026-05-07T01:58:46Z,1m,24650000000.0,601540000.0,75941.0,601200000.0,18190000000.0,456600.0,317289.0,403776.0,1360000000.0,14420.0,409583404.0,201484.0,ok,
2026-05-07T01:58:46Z,1w,24650000000.0,601540000.0,75941.0,601200000.0,18190000000.0,456600.0,67629.0,112198.0,321920000.0,3541.0,105411250.0,50786.0,ok,
2026-05-08T02:04:46Z,24h,24700000000.0,591990000.0,76000.0,591460000.0,18240000000.0,457500.0,570.0,1021.0,0.0,0.0,364796.0,40.0,ok,
2026-05-08T02:04:46Z,3m,24700000000.0,591990000.0,76000.0,591460000.0,18240000000.0,457500.0,1225488.0,1031659.0,3560000000.0,36922.0,1040145199.0,583682.0,ok,
2026-05-08T02:04:46Z,1m,24700000000.0,591990000.0,76000.0,591460000.0,18240000000.0,457500.0,317721.0,405650.0,1340000000.0,14163.0,412436583.0,202244.0,ok,
2026-05-08T02:04:46Z,1w,24700000000.0,591990000.0,76000.0,591460000.0,18240000000.0,457500.0,67120.0,106494.0,330280000.0,3676.0,108373987.0,50120.0,ok,
2026-05-09T01:58:42Z,24h,24750000000.0,591680000.0,76054.0,591400000.0,18280000000.0,458300.0,262.0,394.0,123900.0,1.0,64188.0,56.0,ok,
2026-05-09T01:58:42Z,3m,24750000000.0,591680000.0,76054.0,591440000.0,18280000000.0,458300.0,1231070.0,1035000.0,3590000000.0,37229.0,1048212460.0,585264.0,ok,
2026-05-09T01:58:42Z,1m,24750000000.0,591680000.0,76054.0,591440000.0,18280000000.0,458300.0,320359.0,403607.0,1340000000.0,14220.0,411543350.0,203102.0,ok,
2026-05-09T01:58:42Z,1w,24750000000.0,591680000.0,76054.0,591400000.0,18280000000.0,458300.0,79391.0,97309.0,340780000.0,3735.0,99655235.0,47354.0,ok,
2026-05-10T01:57:23Z,24h,24790000000.0,590380000.0,76092.0,590380000.0,18330000000.0,458900.0,83.0,43.0,0.0,0.0,33462.0,20.0,ok,
2026-05-10T01:57:23Z,3m,24790000000.0,590380000.0,76092.0,590380000.0,18330000000.0,458900.0,1230881.0,1033425.0,3640000000.0,37755.0,1050337915.0,586351.0,ok,
2026-05-10T01:57:23Z,1m,24790000000.0,590380000.0,76092.0,590380000.0,18330000000.0,458900.0,317700.0,396762.0,1340000000.0,14234.0,404368562.0,202693.0,ok,
2026-05-10T01:57:23Z,1w,24790000000.0,590380000.0,76092.0,590380000.0,18330000000.0,458900.0,77174.0,91762.0,335070000.0,3681.0,97946856.0,46277.0,ok,
2026-05-11T02:08:03Z,24h,24790000000.0,593980000.0,76135.0,593200000.0,18330000000.0,458900.0,215.0,196.0,0.0,0.0,141690.0,23.0,ok,
2026-05-11T02:08:03Z,3m,24790000000.0,593980000.0,76135.0,593200000.0,18330000000.0,458900.0,1220754.0,1025992.0,3640000000.0,37751.0,1049185285.0,587123.0,ok,
2026-05-11T02:08:03Z,1m,24790000000.0,593980000.0,76135.0,593200000.0,18330000000.0,458900.0,314601.0,386962.0,1300000000.0,13811.0,398272170.0,201570.0,ok,
2026-05-11T02:08:03Z,1w,24790000000.0,593980000.0,76135.0,593200000.0,18330000000.0,458900.0,76694.0,87991.0,335130000.0,3682.0,98513837.0,46001.0,ok,
2026-05-12T02:03:47Z,24h,24790000000.0,599290000.0,76185.0,597830000.0,18320000000.0,458900.0,434.0,921.0,107100.0,1.0,144755.0,49.0,ok,
2026-05-12T02:03:47Z,3m,24790000000.0,599290000.0,76185.0,597830000.0,18320000000.0,458900.0,1217450.0,1015721.0,3570000000.0,37056.0,1048954062.0,586848.0,ok,
2026-05-12T02:03:47Z,1m,24790000000.0,599290000.0,76185.0,597830000.0,18320000000.0,458900.0,319870.0,390223.0,1260000000.0,13404.0,402861651.0,201874.0,ok,
2026-05-12T02:03:47Z,1w,24790000000.0,599290000.0,76185.0,597830000.0,18320000000.0,458900.0,62471.0,81120.0,335070000.0,3680.0,86287380.0,45713.0,ok,
2026-05-13T02:09:31Z,24h,24890000000.0,585140000.0,76226.0,584870000.0,18410000000.0,460500.0,337.0,1289.0,10200.0,1.0,904613.0,78.0,ok,
2026-05-13T02:09:31Z,3m,24890000000.0,585140000.0,76226.0,584870000.0,18410000000.0,460500.0,1219701.0,1013739.0,3640000000.0,37889.0,1050770004.0,588106.0,ok,
2026-05-13T02:09:31Z,1m,24890000000.0,585140000.0,76226.0,584870000.0,18410000000.0,460500.0,326795.0,401546.0,1370000000.0,14630.0,408844766.0,202326.0,ok,
2026-05-13T02:09:31Z,1w,24890000000.0,585140000.0,76226.0,584870000.0,18410000000.0,460500.0,64634.0,74008.0,339220000.0,3701.0,84081937.0,45768.0,ok,
2026-05-14T02:11:54Z,24h,24940000000.0,580760000.0,76265.0,580310000.0,18450000000.0,461300.0,487.0,1063.0,251200.0,1.0,556478.0,101.0,ok,
2026-05-14T02:11:54Z,3m,24940000000.0,580760000.0,76265.0,580310000.0,18450000000.0,461300.0,1221219.0,1011868.0,3660000000.0,38119.0,1053058610.0,588329.0,ok,
2026-05-14T02:11:54Z,1m,24940000000.0,580760000.0,76265.0,580310000.0,18450000000.0,461300.0,326033.0,402094.0,1430000000.0,15259.0,404400325.0,203082.0,ok,
2026-05-14T02:11:54Z,1w,24940000000.0,580760000.0,76265.0,580310000.0,18450000000.0,461300.0,64670.0,70309.0,338240000.0,3692.0,79577069.0,45465.0,ok,
2026-05-15T02:09:43Z,24h,25020000000.0,597960000.0,76299.0,595270000.0,18500000000.0,462200.0,325.0,1096.0,10600.0,1.0,158649.0,51.0,ok,
2026-05-15T02:09:43Z,3m,25020000000.0,597960000.0,76299.0,595270000.0,18500000000.0,462200.0,1228600.0,1011603.0,3690000000.0,38419.0,1057013393.0,588902.0,ok,
2026-05-15T02:09:43Z,1m,25020000000.0,597960000.0,76299.0,595270000.0,18500000000.0,462200.0,329797.0,401924.0,1400000000.0,14906.0,403378510.0,203734.0,ok,
2026-05-15T02:09:43Z,1w,25020000000.0,597960000.0,76299.0,595270000.0,18500000000.0,462200.0,67454.0,68802.0,340840000.0,3699.0,79318461.0,45864.0,ok,
2026-05-16T02:01:36Z,24h,25080000000.0,601000000.0,76359.0,599120000.0,18530000000.0,462900.0,754.0,530.0,102600.0,1.0,131617.0,54.0,ok,
2026-05-16T02:01:36Z,3m,25080000000.0,601000000.0,76359.0,599120000.0,18530000000.0,462900.0,1237562.0,1027168.0,3710000000.0,38661.0,1065992201.0,591554.0,ok,
2026-05-16T02:01:36Z,1m,25080000000.0,601000000.0,76359.0,599120000.0,18530000000.0,462900.0,331915.0,405622.0,1390000000.0,14911.0,405945874.0,204756.0,ok,
2026-05-16T02:01:36Z,1w,25080000000.0,601000000.0,76359.0,599120000.0,18530000000.0,462900.0,74257.0,81268.0,330910000.0,3634.0,80025736.0,47509.0,ok,
2026-05-17T02:05:05Z,24h,25130000000.0,601570000.0,76393.0,601560000.0,18580000000.0,463600.0,126.0,136.0,0.0,0.0,14783.0,16.0,ok,
2026-05-17T02:05:05Z,3m,25130000000.0,601570000.0,76393.0,601560000.0,18580000000.0,463600.0,1240490.0,1025700.0,3750000000.0,39180.0,1067964593.0,591703.0,ok,
2026-05-17T02:05:05Z,1m,25130000000.0,601570000.0,76393.0,601560000.0,18580000000.0,463600.0,328744.0,396143.0,1390000000.0,14895.0,399287424.0,204458.0,ok,
2026-05-17T02:05:05Z,1w,25130000000.0,601570000.0,76393.0,601560000.0,18580000000.0,463600.0,77924.0,81327.0,329110000.0,3626.0,80479734.0,47885.0,ok,
2026-05-18T02:26:56Z,24h,25120000000.0,598800000.0,76428.0,598170000.0,18570000000.0,463600.0,395.0,189.0,0.0,0.0,36069.0,50.0,ok,
2026-05-18T02:26:56Z,3m,25120000000.0,598800000.0,76428.0,598170000.0,18570000000.0,463600.0,1238312.0,1019681.0,3750000000.0,39180.0,1067235893.0,592982.0,ok,
2026-05-18T02:26:56Z,1m,25120000000.0,598800000.0,76428.0,598170000.0,18570000000.0,463600.0,327912.0,386757.0,1340000000.0,14370.0,391585682.0,203470.0,ok,
2026-05-18T02:26:56Z,1w,25120000000.0,598800000.0,76428.0,598170000.0,18570000000.0,463600.0,74291.0,81729.0,329130000.0,3627.0,80757278.0,48919.0,ok,
2026-05-19T02:15:19Z,24h,25120000000.0,604670000.0,76489.0,604600000.0,18550000000.0,463600.0,389.0,1809.0,0.0,0.0,361705.0,78.0,ok,
2026-05-19T02:15:19Z,3m,25120000000.0,604670000.0,76489.0,604600000.0,18550000000.0,463600.0,1233132.0,1017749.0,3750000000.0,39180.0,1071619827.0,593376.0,ok,
2026-05-19T02:15:19Z,1m,25120000000.0,604670000.0,76489.0,604600000.0,18550000000.0,463600.0,334127.0,390211.0,1290000000.0,13904.0,395070585.0,203811.0,ok,
2026-05-19T02:15:19Z,1w,25120000000.0,604670000.0,76489.0,604600000.0,18550000000.0,463600.0,69164.0,82446.0,329220000.0,3626.0,82122257.0,49993.0,ok,
2026-05-20T02:14:33Z,24h,25240000000.0,602280000.0,76537.0,602080000.0,18650000000.0,465200.0,1701.0,1324.0,0.0,0.0,764990.0,82.0,ok,
2026-05-20T02:14:33Z,3m,25240000000.0,602280000.0,76537.0,602080000.0,18650000000.0,465200.0,1237139.0,1013598.0,3780000000.0,39637.0,1073739778.0,592519.0,ok,
2026-05-20T02:14:33Z,1m,25240000000.0,602280000.0,76537.0,602080000.0,18650000000.0,465200.0,343331.0,401966.0,1410000000.0,15211.0,403855356.0,204360.0,ok,
2026-05-20T02:14:33Z,1w,25240000000.0,602280000.0,76537.0,602080000.0,18650000000.0,465200.0,72662.0,82631.0,334660000.0,3705.0,83886675.0,49002.0,ok,
2026-05-21T02:14:36Z,24h,25290000000.0,598840000.0,76599.0,598800000.0,18690000000.0,466100.0,397.0,925.0,0.0,0.0,738624.0,92.0,ok,
2026-05-21T02:14:36Z,3m,25290000000.0,598840000.0,76599.0,598800000.0,18690000000.0,466100.0,1243610.0,1011019.0,3810000000.0,39923.0,1079800643.0,594903.0,ok,
2026-05-21T02:14:36Z,1m,25290000000.0,598840000.0,76599.0,598800000.0,18690000000.0,466100.0,342371.0,402419.0,1470000000.0,15869.0,406150989.0,205328.0,ok,
2026-05-21T02:14:36Z,1w,25290000000.0,598840000.0,76599.0,598800000.0,18690000000.0,466100.0,71220.0,80540.0,337510000.0,3734.0,88064689.0,50069.0,ok,
2026-05-22T02:27:49Z,24h,25380000000.0,631630000.0,76705.0,631500000.0,18740000000.0,467000.0,456.0,965.0,0.0,0.0,244014.0,88.0,ok,
2026-05-22T02:27:49Z,3m,25380000000.0,631630000.0,76705.0,631500000.0,18740000000.0,467000.0,1253194.0,1015512.0,3830000000.0,40259.0,1083551115.0,594954.0,ok,
2026-05-22T02:27:49Z,1m,25380000000.0,631630000.0,76705.0,631500000.0,18740000000.0,467000.0,344097.0,396383.0,1440000000.0,15637.0,408215092.0,206026.0,ok,
2026-05-22T02:27:49Z,1w,25380000000.0,631630000.0,76705.0,631500000.0,18740000000.0,467000.0,70997.0,80437.0,335250000.0,3742.0,88507415.0,49870.0,ok,
2026-05-23T02:04:21Z,24h,25440000000.0,637830000.0,76754.0,637280000.0,18780000000.0,467700.0,585.0,652.0,0.0,0.0,124667.0,53.0,ok,
2026-05-23T02:04:21Z,3m,25440000000.0,637830000.0,76754.0,637280000.0,18780000000.0,467700.0,1262510.0,1023686.0,3830000000.0,40245.0,1090837043.0,596848.0,ok,
2026-05-23T02:04:21Z,1m,25440000000.0,637830000.0,76754.0,637280000.0,18780000000.0,467700.0,342951.0,391772.0,1440000000.0,15649.0,408808137.0,207027.0,ok,
2026-05-23T02:04:21Z,1w,25440000000.0,637830000.0,76754.0,637280000.0,18780000000.0,467700.0,75067.0,68963.0,337660000.0,3762.0,88788766.0,48848.0,ok,
2026-05-24T02:13:05Z,24h,25490000000.0,644090000.0,76794.0,644080000.0,18820000000.0,468500.0,157.0,80.0,0.0,0.0,237530.0,51.0,ok,
2026-05-24T02:13:05Z,3m,25490000000.0,644090000.0,76794.0,644080000.0,18820000000.0,468500.0,1266250.0,1026079.0,3880000000.0,40774.0,,598001.0,ok,
2026-05-24T02:13:05Z,1m,25490000000.0,644090000.0,76794.0,644080000.0,18820000000.0,468500.0,337902.0,380147.0,1430000000.0,15570.0,396011235.0,206693.0,ok,
2026-05-24T02:13:05Z,1w,25490000000.0,644090000.0,76794.0,644080000.0,18820000000.0,468500.0,77308.0,69335.0,340550000.0,3773.0,88906723.0,49032.0,ok,
2026-05-25T02:31:52Z,24h,25480000000.0,641090000.0,76840.0,641060000.0,18820000000.0,468500.0,177.0,113.0,0.0,0.0,127756.0,37.0,ok,
2026-05-25T02:31:52Z,3m,25480000000.0,641090000.0,76840.0,641060000.0,18820000000.0,468500.0,1263669.0,1020084.0,3880000000.0,40770.0,1090315003.0,598997.0,ok,
2026-05-25T02:31:52Z,1m,25480000000.0,641090000.0,76840.0,641060000.0,18820000000.0,468500.0,334113.0,367130.0,1380000000.0,15024.0,391138166.0,205716.0,ok,
2026-05-25T02:31:52Z,1w,25480000000.0,641090000.0,76840.0,641060000.0,18820000000.0,468500.0,71438.0,68953.0,340480000.0,3772.0,89296677.0,48556.0,ok,
2026-05-26T02:12:07Z,24h,25490000000.0,649300000.0,76877.0,649060000.0,18820000000.0,468500.0,193.0,119.0,0.0,0.0,276841.0,64.0,ok,
2026-05-26T02:12:07Z,3m,25490000000.0,649300000.0,76877.0,649060000.0,18820000000.0,468500.0,1261056.0,1011783.0,3790000000.0,39932.0,1083354444.0,598083.0,ok,
2026-05-26T02:12:07Z,1m,25490000000.0,649300000.0,76877.0,649060000.0,18820000000.0,468500.0,334020.0,360841.0,1330000000.0,14486.0,390171673.0,205422.0,ok,
2026-05-26T02:12:07Z,1w,25490000000.0,649300000.0,76877.0,649060000.0,18820000000.0,468500.0,59608.0,60538.0,340320000.0,3771.0,82631036.0,47318.0,ok,
2026-05-27T02:31:28Z,24h,25470000000.0,634720000.0,76922.0,634200000.0,18800000000.0,468500.0,435.0,1527.0,0.0,0.0,441374.0,89.0,ok,
2026-05-27T02:31:28Z,3m,25470000000.0,634720000.0,76922.0,634200000.0,18800000000.0,468500.0,1241692.0,1013481.0,3750000000.0,39490.0,1086107460.0,598772.0,ok,
2026-05-27T02:31:28Z,1m,25470000000.0,634720000.0,76922.0,634200000.0,18800000000.0,468500.0,333353.0,368883.0,1330000000.0,14487.0,396228326.0,206073.0,ok,
2026-05-27T02:31:28Z,1w,25470000000.0,634720000.0,76922.0,634200000.0,18800000000.0,468500.0,54829.0,58633.0,223500000.0,2465.0,81767320.0,48397.0,ok,
2026-05-28T02:05:44Z,24h,25550000000.0,624560000.0,76959.0,623720000.0,18880000000.0,469600.0,387.0,1037.0,0.0,0.0,317076.0,70.0,ok,
2026-05-28T02:05:44Z,3m,25550000000.0,624560000.0,76959.0,623720000.0,18880000000.0,469600.0,1248635.0,1018165.0,3800000000.0,40117.0,1088422550.0,599487.0,ok,
2026-05-28T02:05:44Z,1m,25550000000.0,624560000.0,76959.0,623720000.0,18880000000.0,469600.0,330077.0,365163.0,1420000000.0,15547.0,391196527.0,207019.0,ok,
2026-05-28T02:05:44Z,1w,25550000000.0,624560000.0,76959.0,623720000.0,18880000000.0,469600.0,53699.0,60540.0,257970000.00000003,2866.0,77285915.0,47912.0,ok,
2026-05-29T02:10:30Z,24h,25640000000.0,626130000.0,77017.0,626110000.0,18940000000.0,471000.0,582.0,1554.0,0.0,0.0,194013.0,73.0,ok,
2026-05-29T02:10:30Z,3m,25640000000.0,626130000.0,77017.0,626110000.0,18940000000.0,471000.0,1261177.0,1022133.0,3850000000.0,40583.0,1094723859.0,600894.0,ok,
2026-05-29T02:10:30Z,1m,25640000000.0,626130000.0,77017.0,626110000.0,18940000000.0,471000.0,333780.0,355621.0,1400000000.0,15335.0,387552213.0,207916.0,ok,
2026-05-29T02:10:30Z,1w,25640000000.0,626130000.0,77017.0,626110000.0,18940000000.0,471000.0,58362.0,59986.0,280020000.0,3073.0,80686628.0,49621.0,ok,
2026-05-30T02:05:32Z,24h,25710000000.0,641430000.0,77096.0,640960000.0,18980000000.0,471900.0,329.0,686.0,0.0,0.0,315988.0,55.0,ok,
2026-05-30T02:05:32Z,3m,25710000000.0,641430000.0,77096.0,640960000.0,18980000000.0,471900.0,1272630.0,1031096.0,3880000000.0,40906.0,1103967300.0,599984.0,ok,
2026-05-30T02:05:32Z,1m,25710000000.0,641430000.0,77096.0,640960000.0,18980000000.0,471900.0,332757.0,350942.0,1400000000.0,15407.0,387480803.0,209195.0,ok,
2026-05-30T02:05:32Z,1w,25710000000.0,641430000.0,77096.0,640960000.0,18980000000.0,471900.0,64543.0,61583.0,292440000.0,3167.0,83384663.0,48609.0,ok,
2026-05-31T02:32:18Z,24h,25760000000.0,645350000.0,77156.0,643530000.0,19030000000.0,472700.0,186.0,72.0,0.0,0.0,222059.0,54.0,ok,
2026-05-31T02:32:18Z,3m,25760000000.0,645350000.0,77156.0,643530000.0,19030000000.0,472700.0,1274601.0,1033531.0,3930000000.0,41489.0,1096467936.0,590494.0,ok,
2026-05-31T02:32:18Z,1m,25760000000.0,645350000.0,77156.0,643530000.0,19030000000.0,472700.0,327561.0,334394.0,1400000000.0,15417.0,382891631.0,208594.0,ok,
2026-05-31T02:32:18Z,1w,25760000000.0,645350000.0,77156.0,643530000.0,19030000000.0,472700.0,68454.0,61763.0,295760000.0,3221.0,82280117.0,47840.0,ok,
2026-06-01T02:41:57Z,24h,25750000000.0,637680000.0,77219.0,637610000.0,19030000000.0,472700.0,235.0,168.0,0.0,0.0,110660.0,70.0,ok,
2026-06-01T02:41:57Z,3m,25750000000.0,637680000.0,77219.0,637610000.0,19030000000.0,472700.0,1271068.0,1027569.0,3930000000.0,41488.0,1088867096.0,584548.0,ok,
2026-06-01T02:41:57Z,1m,25750000000.0,637680000.0,77219.0,637610000.0,19030000000.0,472700.0,332122.0,316609.0,1350000000.0,14883.0,361589500.0,200195.0,ok,
2026-06-01T02:41:57Z,1w,25750000000.0,637680000.0,77219.0,637610000.0,19030000000.0,472700.0,68543.0,62096.0,295770000.0,3221.0,77681808.0,42439.0,ok,
2026-06-02T02:40:11Z,24h,25760000000.0,648540000.0,77274.0,647720000.0,19010000000.0,472700.0,469.0,818.0,151500.0,1.0,810336.0,149.0,ok,
2026-06-02T02:40:11Z,3m,25760000000.0,648540000.0,77274.0,647720000.0,19010000000.0,472700.0,1271325.0,1023481.0,3840000000.0,40603.0,1100775982.0,586478.0,ok,
2026-06-02T02:40:11Z,1m,25760000000.0,648540000.0,77274.0,647720000.0,19010000000.0,472700.0,329744.0,315056.0,1300000000.0,14304.0,374859072.0,201178.0,ok,
2026-06-02T02:40:11Z,1w,25760000000.0,648540000.0,77274.0,647720000.0,19010000000.0,472700.0,67083.0,69166.0,295790000.0,3223.0,94865785.0,45512.0,ok,
2026-06-03T02:48:00Z,24h,25890000000.0,643680000.0,77355.0,643140000.0,19130000000.0,474500.0,575.0,1540.0,0.0,0.0,1023846.0,108.0,ok,
2026-06-03T02:48:00Z,3m,25890000000.0,643680000.0,77355.0,643140000.0,19130000000.0,474500.0,1281549.0,1027871.0,3930000000.0,41524.0,1112358827.0,588996.0,ok,
2026-06-03T02:48:00Z,1m,25890000000.0,643680000.0,77355.0,643140000.0,19130000000.0,474500.0,341536.0,322104.0,1430000000.0,15705.0,390971369.0,202798.0,ok,
2026-06-03T02:48:00Z,1w,25890000000.0,643680000.0,77355.0,643140000.0,19130000000.0,474500.0,70912.0,69657.0,429660000.0,4623.0,103591198.0,46997.0,ok,
2026-06-04T02:43:12Z,24h,25930000000.0,635150000.0,77406.0,633570000.0,19160000000.0,475300.0,910.0,895.0,0.0,0.0,519700.0,160.0,ok,
2026-06-04T02:43:12Z,3m,25930000000.0,635150000.0,77406.0,633570000.0,19160000000.0,475300.0,1287192.0,1030731.0,3930000000.0,41587.0,1117142540.0,589781.0,ok,
2026-06-04T02:43:12Z,1m,25930000000.0,635150000.0,77406.0,633570000.0,19160000000.0,475300.0,330124.0,318201.0,1490000000.0,16304.0,383407952.0,203970.0,ok,
2026-06-04T02:43:12Z,1w,25930000000.0,635150000.0,77406.0,633570000.0,19160000000.0,475300.0,66246.0,68040.0,388120000.0,4165.0,107186591.0,47003.0,ok,
2026-06-05T02:29:57Z,24h,25990000000.0,636100000.0,77444.0,632080000.0,19210000000.0,476300.0,387.0,1147.0,16100.000000000002,1.0,488024.0,90.0,ok,
2026-06-05T02:29:57Z,3m,25990000000.0,636100000.0,77444.0,632080000.0,19210000000.0,476300.0,1297232.0,1033374.0,3950000000.0,41828.0,1126762016.0,590573.0,ok,
2026-06-05T02:29:57Z,1m,25990000000.0,636100000.0,77444.0,632080000.0,19210000000.0,476300.0,331117.0,307678.0,1450000000.0,15852.0,390714742.0,204645.0,ok,
2026-06-05T02:29:57Z,1w,25990000000.0,636100000.0,77444.0,632080000.0,19210000000.0,476300.0,65989.0,65357.0,369340000.0,3989.0,110552043.0,45896.0,ok,
2026-06-06T02:08:59Z,24h,26020000000.0,611590000.0,77477.0,611270000.0,19250000000.0,477100.0,345.0,838.0,0.0,0.0,268601.0,73.0,ok,
2026-06-06T02:08:59Z,3m,26020000000.0,611590000.0,77477.0,611270000.0,19250000000.0,477100.0,1308954.0,1041328.0,3970000000.0,42068.0,1138850893.0,593079.0,ok,
2026-06-06T02:08:59Z,1m,26020000000.0,611590000.0,77477.0,611270000.0,19250000000.0,477100.0,332362.0,301696.0,1440000000.0,15829.0,393585451.0,205565.0,ok,
2026-06-06T02:08:59Z,1w,26020000000.0,611590000.0,77477.0,611270000.0,19250000000.0,477100.0,71921.0,62952.0,362180000.0,3963.0,111515898.0,47156.0,ok,
2026-06-07T02:35:23Z,24h,26070000000.0,609490000.0,77506.0,609290000.0,19300000000.0,477800.0,184.0,108.0,0.0,0.0,314779.0,37.0,ok,
2026-06-07T02:35:23Z,3m,26070000000.0,609490000.0,77506.0,609290000.0,19300000000.0,477800.0,1312578.0,1043730.0,4019999999.9999995,42646.0,1141431218.0,594536.0,ok,
2026-06-07T02:35:23Z,1m,26070000000.0,609490000.0,77506.0,609290000.0,19300000000.0,477800.0,328196.0,290357.0,1430000000.0,15698.0,387116627.0,206101.0,ok,
2026-06-07T02:35:23Z,1w,26070000000.0,609490000.0,77506.0,609290000.0,19300000000.0,477800.0,75465.0,62457.0,363690000.0,3957.0,112598983.0,47627.0,ok,
2026-06-08T02:40:15Z,24h,26070000000.0,613490000.0,77538.0,613320000.0,19300000000.0,477800.0,231.0,105.0,0.0,0.0,252230.0,51.0,ok,
2026-06-08T02:40:15Z,3m,26070000000.0,613490000.0,77538.0,613320000.0,19300000000.0,477800.0,1309751.0,1038974.0,4019999999.9999995,42642.0,1138395007.0,594223.0,ok,
2026-06-08T02:40:15Z,1m,26070000000.0,613490000.0,77538.0,613320000.0,19300000000.0,477800.0,325126.0,281519.0,1380000000.0,15105.0,378564486.0,204861.0,ok,
2026-06-08T02:40:15Z,1w,26070000000.0,613490000.0,77538.0,613320000.0,19300000000.0,477800.0,72556.0,62219.0,363690000.0,3957.0,116630222.0,52020.0,ok,
2026-06-09T02:06:13Z,24h,26070000000.0,617400000.0,77571.0,617120000.0,19280000000.0,477800.0,466.0,1365.0,0.0,0.0,221715.0,51.0,ok,
2026-06-09T02:06:13Z,3m,26070000000.0,617400000.0,77571.0,617120000.0,19280000000.0,477800.0,1310796.0,1041181.0,3930000000.0,41721.0,1147935030.0,594752.0,ok,
2026-06-09T02:06:13Z,1m,26070000000.0,617400000.0,77571.0,617120000.0,19280000000.0,477800.0,328232.0,288297.0,1330000000.0,14581.0,392642954.0,205105.0,ok,
2026-06-09T02:06:13Z,1w,26070000000.0,617400000.0,77571.0,617120000.0,19280000000.0,477800.0,63390.0,65003.0,363870000.0,3958.0,115730738.0,50204.0,ok,
2026-06-10T02:30:20Z,24h,26190000000.0,620780000.0,77627.0,620710000.0,19370000000.0,479500.0,278.0,772.0,0.0,0.0,858869.0,82.0,ok,
2026-06-10T02:30:20Z,3m,26190000000.0,620780000.0,77627.0,620710000.0,19370000000.0,479500.0,1313755.0,1044032.0,4000000000.0,42524.0,1163549996.0,596116.0,ok,
2026-06-10T02:30:20Z,1m,26190000000.0,620780000.0,77627.0,620710000.0,19370000000.0,479500.0,333241.0,297890.0,1450000000.0,15867.0,414319896.0,205890.0,ok,
2026-06-10T02:30:20Z,1w,26190000000.0,620780000.0,77627.0,620710000.0,19370000000.0,479500.0,65588.0,63777.0,350980000.0,3844.0,121862364.0,49093.0,ok,
2026-06-11T02:40:22Z,24h,26260000000.0,627480000.0,77665.0,626680000.0,19430000000.0,480500.0,531.0,958.0,0.0,0.0,615167.0,95.0,ok,
2026-06-11T02:40:22Z,3m,26260000000.0,627480000.0,77665.0,626680000.0,19430000000.0,480500.0,1322414.0,1045659.0,4019999999.9999995,42789.0,1172956031.0,596340.0,ok,
2026-06-11T02:40:22Z,1m,26260000000.0,627480000.0,77665.0,626680000.0,19430000000.0,480500.0,332464.0,302080.0,1520000000.0,16648.0,424432632.0,207131.0,ok,
2026-06-11T02:40:22Z,1w,26260000000.0,627480000.0,77665.0,626680000.0,19430000000.0,480500.0,65981.0,64999.0,367360000.0,4024.0,127312060.0,48874.0,ok,
2026-06-12T02:35:48Z,24h,26340000000.0,642680000.0,77709.0,641380000.0,19490000000.0,481400.0,312.0,936.0,0.0,0.0,506021.0,102.0,ok,
2026-06-12T02:35:48Z,3m,26340000000.0,642680000.0,77709.0,641380000.0,19490000000.0,481400.0,1333095.0,1044131.0,4030000000.0000005,43047.0,1181210109.0,596929.0,ok,
2026-06-12T02:35:48Z,1m,26340000000.0,642680000.0,77709.0,641380000.0,19490000000.0,481400.0,334016.0,300289.0,1470000000.0,16168.0,433155376.0,207618.0,ok,
2026-06-12T02:35:48Z,1w,26340000000.0,642680000.0,77709.0,641380000.0,19490000000.0,481400.0,66324.0,66620.0,365240000.0,4017.0,126522571.0,48741.0,ok,
2026-06-13T02:29:00Z,24h,26360000000.0,616440000.0,77735.0,616360000.0,19520000000.0,482300.0,369.0,810.0,0.0,0.0,162475.0,91.0,ok,
2026-06-13T02:29:00Z,3m,26360000000.0,616440000.0,77735.0,616360000.0,19520000000.0,482300.0,1343934.0,1051878.0,4050000000.0,43283.0,1197285681.0,598961.0,ok,
2026-06-13T02:29:00Z,1m,26360000000.0,616440000.0,77735.0,616360000.0,19520000000.0,482300.0,332030.0,299655.0,1470000000.0,16158.0,443970642.0,208901.0,ok,
2026-06-13T02:29:00Z,1w,26360000000.0,616440000.0,77735.0,616360000.0,19520000000.0,482300.0,71288.0,68269.0,366380000.0,4021.0,129962260.0,48801.0,ok,
2026-06-14T02:40:23Z,24h,26410000000.0,615960000.0,77762.0,615700000.0,19570000000.0,483000.0,190.0,164.0,0.0,0.0,139923.0,53.0,ok,
2026-06-14T02:40:23Z,3m,26410000000.0,615960000.0,77762.0,615700000.0,19570000000.0,483000.0,1214139.0,1053791.0,4099999999.9999995,43867.0,1197214734.0,598868.0,ok,
2026-06-14T02:40:23Z,1m,26410000000.0,615960000.0,77762.0,615700000.0,19570000000.0,483000.0,325274.0,290315.0,1450000000.0,16026.0,436983978.0,208843.0,ok,
2026-06-14T02:40:23Z,1w,26410000000.0,615960000.0,77762.0,615700000.0,19570000000.0,483000.0,74405.0,68760.0,361450000.0,4027.0,129185813.0,48606.0,ok,
2026-06-15T02:45:26Z,24h,26410000000.0,617550000.0,77792.0,617430000.0,19570000000.0,483000.0,262.0,186.0,18000.0,2.0,481404.0,64.0,ok,
2026-06-15T02:45:26Z,3m,26410000000.0,617550000.0,77792.0,617430000.0,19570000000.0,483000.0,1061652.0,1040024.0,4099999999.9999995,43867.0,1193454315.0,598862.0,ok,
2026-06-15T02:45:26Z,1m,26410000000.0,617550000.0,77792.0,617430000.0,19570000000.0,483000.0,321192.0,269312.0,1410000000.0,15498.0,427951123.0,206390.0,ok,
2026-06-15T02:45:26Z,1w,26410000000.0,617550000.0,77792.0,617430000.0,19570000000.0,483000.0,70884.0,69062.0,361450000.0,4027.0,129412373.0,49038.0,ok,
2026-06-16T02:46:59Z,24h,26390000000.0,600000000.0,77844.0,599890000.0,19540000000.0,483000.0,428.0,1447.0,0.0,0.0,691176.0,92.0,ok,
2026-06-16T02:46:59Z,3m,26390000000.0,600000000.0,77844.0,599890000.0,19540000000.0,483000.0,986980.0,1027621.0,4000000000.0,42866.0,1194659588.0,600050.0,ok,
2026-06-16T02:46:59Z,1m,26390000000.0,600000000.0,77844.0,599890000.0,19540000000.0,483000.0,323709.0,274683.0,1360000000.0,14984.0,432941824.0,207722.0,ok,
2026-06-16T02:46:59Z,1w,26390000000.0,600000000.0,77844.0,599890000.0,19540000000.0,483000.0,64759.0,67713.0,361350000.0,4029.0,120778605.0,50502.0,ok,
2026-06-17T02:43:58Z,24h,26110000000.0,225970000.0,77897.0,225810000.0,19620000000.0,484500.0,571.0,989.0,0.0,0.0,407908.0,100.0,ok,
2026-06-17T02:43:58Z,3m,26110000000.0,225970000.0,77897.0,225810000.0,19620000000.0,484500.0,962810.0,1017962.0,4050000000.0,43464.0,1195448422.0,600714.0,ok,
2026-06-17T02:43:58Z,1m,26110000000.0,225970000.0,77897.0,225810000.0,19620000000.0,484500.0,329112.0,284406.0,1460000000.0,16101.0,438980596.0,207755.0,ok,
2026-06-17T02:43:58Z,1w,26110000000.0,225970000.0,77897.0,225810000.0,19620000000.0,484500.0,65812.0,68245.0,339570000.0,3861.0,105417977.0,50784.0,ok,
2026-06-18T02:40:35Z,24h,26140000000.0,197270000.0,77931.0,197180000.0,19680000000.0,485500.0,347.0,729.0,0.0,0.0,350980.0,102.0,ok,
2026-06-18T02:40:35Z,3m,26140000000.0,197270000.0,77931.0,197180000.0,19680000000.0,485500.0,961644.0,1010701.0,4070000000.0000005,43723.0,1198118167.0,603334.0,ok,
2026-06-18T02:40:35Z,1m,26140000000.0,197270000.0,77931.0,197180000.0,19680000000.0,485500.0,327832.0,286268.0,1530000000.0,16886.0,440128574.0,208997.0,ok,
2026-06-18T02:40:35Z,1w,26140000000.0,197270000.0,77931.0,197180000.0,19680000000.0,485500.0,66478.0,66634.0,337660000.0,3864.0,97818200.0,51859.0,ok,
2026-06-19T02:56:52Z,24h,26200000000.0,184240000.0,77979.0,184150000.0,19730000000.0,486600.0,555.0,908.0,0.0,0.0,694767.0,125.0,ok,
2026-06-19T02:56:52Z,3m,26200000000.0,184240000.0,77979.0,184150000.0,19730000000.0,486600.0,966106.0,1008475.0,4099999999.9999995,44089.0,1198937556.0,604855.0,ok,
2026-06-19T02:56:52Z,1m,26200000000.0,184240000.0,77979.0,184150000.0,19730000000.0,486600.0,327902.0,283785.0,1490000000.0,16419.0,438874575.0,211912.0,ok,
2026-06-19T02:56:52Z,1w,26200000000.0,184240000.0,77979.0,184150000.0,19730000000.0,486600.0,67092.0,66127.0,347270000.0,3956.0,89605874.0,53296.0,ok,
2026-06-20T02:29:47Z,24h,26250000000.0,187570000.0,78013.0,187460000.0,19770000000.0,487400.0,174.0,133.0,0.0,0.0,83710.0,58.0,ok,
2026-06-20T02:29:47Z,3m,26250000000.0,187570000.0,78013.0,187460000.0,19770000000.0,487400.0,969851.0,1008970.0,4099999999.9999995,44239.0,1202075181.0,605569.0,ok,
2026-06-20T02:29:47Z,1m,26250000000.0,187570000.0,78013.0,187460000.0,19770000000.0,487400.0,323233.0,279032.0,1480000000.0,16402.0,432216043.0,210430.0,ok,
2026-06-20T02:29:47Z,1w,26250000000.0,187570000.0,78013.0,187460000.0,19770000000.0,487400.0,68956.0,59917.0,344970000.0,3978.0,76310090.0,51598.0,ok,
2026-06-21T02:44:13Z,24h,26250000000.0,187350000.0,78054.0,187180000.0,19770000000.0,487400.0,104.0,58.0,0.0,0.0,38212.0,44.0,ok,
2026-06-21T02:44:13Z,3m,26250000000.0,187350000.0,78054.0,187180000.0,19770000000.0,487400.0,966829.0,1009329.0,4099999999.9999995,44237.0,1203665059.0,607082.0,ok,
2026-06-21T02:44:13Z,1m,26250000000.0,187350000.0,78054.0,187180000.0,19770000000.0,487400.0,314849.0,268779.0,1420000000.0,15678.0,424629855.0,211250.0,ok,
2026-06-21T02:44:13Z,1w,26250000000.0,187350000.0,78054.0,187180000.0,19770000000.0,487400.0,68724.0,58901.0,295460000.0,3394.0,76153292.0,52277.0,ok,
2026-06-22T02:46:25Z,24h,26250000000.0,185440000.0,78094.0,185300000.0,19770000000.0,487400.0,185.0,91.0,0.0,0.0,35026.0,48.0,ok,
2026-06-22T02:46:25Z,3m,26250000000.0,185440000.0,78094.0,185300000.0,19770000000.0,487400.0,958315.0,998990.0,4099999999.9999995,44234.0,1197875367.0,606488.0,ok,
2026-06-22T02:46:25Z,1m,26250000000.0,185440000.0,78094.0,185300000.0,19770000000.0,487400.0,310224.0,259213.0,1370000000.0,15130.0,413853183.0,209490.0,ok,
2026-06-22T02:46:25Z,1w,26250000000.0,185440000.0,78094.0,185300000.0,19770000000.0,487400.0,63823.0,58864.0,295470000.0,3394.0,74690826.0,51948.0,ok,
2026-06-23T02:12:37Z,24h,26240000000.0,180330000.0,78117.0,180150000.0,19750000000.0,487400.0,447.0,2351.0,0.0,0.0,599528.0,96.0,ok,
2026-06-23T02:12:37Z,3m,26240000000.0,180330000.0,78117.0,180150000.0,19750000000.0,487400.0,954950.0,990111.0,4010000000.0,43262.0,1196112346.0,607129.0,ok,
2026-06-23T02:12:37Z,1m,26240000000.0,180330000.0,78117.0,180150000.0,19750000000.0,487400.0,313345.0,263642.0,1320000000.0,14604.0,415590386.0,209621.0,ok,
2026-06-23T02:12:37Z,1w,26240000000.0,180330000.0,78117.0,180150000.0,19750000000.0,487400.0,55671.0,58294.0,295480000.0,3393.0,71555286.0,50931.0,ok,
2026-06-24T02:13:53Z,24h,26350000000.0,183390000.0,78150.0,183280000.0,19840000000.0,489100.0,293.0,1165.0,0.0,0.0,460451.0,51.0,ok,
2026-06-24T02:13:53Z,3m,26350000000.0,183390000.0,78150.0,183280000.0,19840000000.0,489100.0,960788.0,980854.0,4070000000.0000005,43941.0,1205213184.0,608634.0,ok,
2026-06-24T02:13:53Z,1m,26350000000.0,183390000.0,78150.0,183280000.0,19840000000.0,489100.0,324944.0,278187.0,1430000000.0,15842.0,429274275.0,210444.0,ok,
2026-06-24T02:13:53Z,1w,26350000000.0,183390000.0,78150.0,183280000.0,19840000000.0,489100.0,56720.0,62735.0,307130000.0,3513.0,79590356.0,51245.0,ok,
2026-06-25T02:14:39Z,24h,26410000000.0,177620000.0,78189.0,177430000.0,19900000000.0,490200.0,296.0,774.0,0.0,0.0,554584.0,125.0,ok,
2026-06-25T02:14:39Z,3m,26410000000.0,177620000.0,78189.0,177430000.0,19900000000.0,490200.0,966305.0,981377.0,4090000000.0,44244.0,1211629122.0,609559.0,ok,
2026-06-25T02:14:39Z,1m,26410000000.0,177620000.0,78189.0,177430000.0,19900000000.0,490200.0,331917.0,292143.0,1500000000.0,16636.0,440913550.0,212341.0,ok,
2026-06-25T02:14:39Z,1w,26410000000.0,177620000.0,78189.0,177430000.0,19900000000.0,490200.0,58844.0,66414.0,310830000.0,3521.0,83416012.0,50662.0,ok,
