captured_at,time_period,tvl_usd,trading_tvl_usd,total_participants,total_committed_value_usd,total_loan_balance_usd,total_loans,chain_transactions,chain_fees_usd,loan_amount_funded_usd,loans_funded,loan_amount_paid_usd,loans_paid,scrape_status,error_message
2026-03-10T11:21:26Z,3m,22410000000.0,627390000.0,71661.0,627010000.0,16510000000.000002,423000.0,,,,,,,ok,
2026-03-10T11:21:26Z,1m,22410000000.0,627390000.0,71661.0,627010000.0,16510000000.000002,423000.0,,,,,,,ok,
2026-03-10T11:21:26Z,1w,22410000000.0,627390000.0,71661.0,627010000.0,16510000000.000002,423000.0,,,,,,,ok,
2026-03-10T11:29:16Z,3m,22410000000.0,626860000.0,71661.0,626470000.0,16510000000.000002,423000.0,841761.0,461362.0,2650000000.0,26853.0,1099702365.0,304118.0,ok,
2026-03-10T11:29:16Z,1m,22410000000.0,626860000.0,71661.0,626470000.0,16510000000.000002,423000.0,,,,,,,ok,
2026-03-10T11:29:16Z,1w,22410000000.0,626860000.0,71661.0,626470000.0,16510000000.000002,423000.0,,,,,,,ok,
2026-03-10T11:35:20Z,3m,22410000000.0,626820000.0,71662.0,626420000.0,16510000000.000002,423000.0,841783.0,461362.0,2650000000.0,26853.0,1099702365.0,304118.0,ok,
2026-03-10T11:35:20Z,1m,22410000000.0,626820000.0,71662.0,626420000.0,16510000000.000002,423000.0,,,,,,,ok,
2026-03-10T11:35:20Z,1w,22410000000.0,626820000.0,71662.0,626420000.0,16510000000.000002,423000.0,,,,,,,ok,
2026-03-10T11:43:03Z,3m,22410000000.0,626810000.0,71662.0,626420000.0,16510000000.000002,423000.0,841790.0,461362.0,2650000000.0,26853.0,1099702365.0,304118.0,ok,
2026-03-10T11:43:03Z,1m,22410000000.0,626810000.0,71662.0,626420000.0,16510000000.000002,423000.0,251445.0,88306.0,1050000000.0,10615.0,294090428.0,201421.0,ok,
2026-03-10T11:43:03Z,1w,22410000000.0,626810000.0,71662.0,626420000.0,16510000000.000002,423000.0,38712.0,11065.0,365250000.0,3726.0,72810800.0,47864.0,ok,
2026-03-10T13:04:47Z,3m,22410000000.0,627380000.0,71664.0,626960000.0,16510000000.000002,423000.0,841921.0,461388.0,2650000000.0,26853.0,1099801182.0,304153.0,ok,
2026-03-10T13:04:47Z,1m,22410000000.0,627380000.0,71664.0,626960000.0,16510000000.000002,423000.0,251576.0,88333.0,1050000000.0,10615.0,294189245.0,201456.0,ok,
2026-03-10T13:04:47Z,1w,22410000000.0,627380000.0,71664.0,626960000.0,16510000000.000002,423000.0,38843.0,11091.0,365250000.0,3726.0,72909616.0,47899.0,ok,
2026-03-11T11:34:38Z,3m,22470000000.0,643840000.0,71728.0,641210000.0,16540000000.0,423700.0,837182.0,1277732.0,2660000000.0,26954.0,1093910134.0,303651.0,ok,
2026-03-11T11:34:38Z,1m,22470000000.0,643840000.0,71728.0,641210000.0,16540000000.0,423700.0,250004.0,282453.0,1090000000.0,11098.0,300861739.0,201378.0,ok,
2026-03-11T11:34:38Z,1w,22470000000.0,643840000.0,71728.0,641210000.0,16540000000.0,423700.0,37878.0,49215.0,328250000.0,3323.0,74387591.0,46604.0,ok,
2026-03-11T13:04:21Z,3m,22470000000.0,643560000.0,71728.0,640660000.0,16540000000.0,423700.0,837277.0,1277787.0,2660000000.0,26954.0,1094204495.0,303692.0,ok,
2026-03-11T13:04:21Z,1m,22470000000.0,643560000.0,71729.0,640660000.0,16540000000.0,423700.0,250099.0,282508.0,1090000000.0,11098.0,301156101.0,201419.0,ok,
2026-03-11T13:04:21Z,1w,22470000000.0,643560000.0,71728.0,640660000.0,16540000000.0,423700.0,37973.0,49269.0,328250000.0,3323.0,74681952.0,46645.0,ok,
2026-03-12T11:33:25Z,3m,22520000000.0,642820000.0,71782.0,641200000.0,16570000000.0,424400.0,833672.0,1260637.0,2670000000.0,27098.0,1091238003.0,305167.0,ok,
2026-03-12T11:33:25Z,1m,22520000000.0,642820000.0,71782.0,641200000.0,16570000000.0,424400.0,241914.0,281446.0,1150000000.0,11610.0,305606488.0,202643.0,ok,
2026-03-12T11:33:25Z,1w,22520000000.0,642820000.0,71782.0,641200000.0,16570000000.0,424400.0,37867.0,49212.0,338340000.0,3360.0,76322498.0,47719.0,ok,
2026-03-12T13:04:13Z,3m,22520000000.0,643670000.0,71784.0,642670000.0,16570000000.0,424400.0,833898.0,1260656.0,2670000000.0,27098.0,1091483262.0,305230.0,ok,
2026-03-12T13:04:13Z,1m,22520000000.0,643670000.0,71784.0,641820000.0,16570000000.0,424400.0,242140.0,281464.0,1150000000.0,11610.0,305851747.0,202706.0,ok,
2026-03-12T13:04:13Z,1w,22520000000.0,643670000.0,71784.0,642670000.0,16570000000.0,424400.0,38093.0,49230.0,338340000.0,3360.0,76567757.0,47782.0,ok,
2026-03-13T11:33:11Z,3m,22550000000.0,629470000.0,71837.0,628200000.0,16610000000.0,425000.0,837079.0,1248432.0,2690000000.0,27217.0,1084268918.0,305257.0,ok,
2026-03-13T11:33:11Z,1m,22550000000.0,629470000.0,71837.0,628200000.0,16610000000.0,425000.0,240397.0,275439.0,1120000000.0,11403.0,305960157.0,202657.0,ok,
2026-03-13T11:33:11Z,1w,22550000000.0,629470000.0,71837.0,628200000.0,16610000000.0,425000.0,42486.0,53369.0,329570000.0,3310.0,77028063.0,47333.0,ok,
2026-03-13T13:02:38Z,3m,22550000000.0,630300000.0,71839.0,628620000.0,16610000000.0,425000.0,837238.0,1248224.0,2690000000.0,27218.0,1084451620.0,305349.0,ok,
2026-03-13T13:02:38Z,1m,22550000000.0,630300000.0,71839.0,628620000.0,16610000000.0,425000.0,240556.0,275231.0,1120000000.0,11404.0,306142859.0,202749.0,ok,
2026-03-13T13:02:38Z,1w,22550000000.0,630300000.0,71839.0,628620000.0,16610000000.0,425000.0,42645.0,53160.0,329570000.0,3311.0,77210765.0,47425.0,ok,
2026-03-14T11:25:54Z,3m,22570000000.0,617630000.0,71888.0,616900000.0,16629999999.999998,425500.0,836972.0,1247461.0,2690000000.0,27279.0,1089185672.0,307160.0,ok,
2026-03-14T11:25:54Z,1m,22570000000.0,617630000.0,71888.0,616900000.0,16629999999.999998,425500.0,232986.0,272242.0,1120000000.0,11395.0,307353419.0,204152.0,ok,
2026-03-14T11:25:54Z,1w,22570000000.0,617630000.0,71888.0,616900000.0,16629999999.999998,425500.0,44034.0,58207.0,318570000.0,3183.0,76712625.0,47742.0,ok,
2026-03-14T12:55:52Z,3m,22570000000.0,617670000.0,71889.0,616820000.0,16629999999.999998,425500.0,837046.0,1247501.0,2690000000.0,27279.0,1089425892.0,307181.0,ok,
2026-03-14T12:55:52Z,1m,22570000000.0,617670000.0,71889.0,616820000.0,16629999999.999998,425500.0,233060.0,272282.0,1120000000.0,11395.0,307593638.0,204173.0,ok,
2026-03-14T12:55:52Z,1w,22570000000.0,617670000.0,71889.0,616820000.0,16629999999.999998,425500.0,44108.0,58246.0,318570000.0,3183.0,76952845.0,47763.0,ok,
2026-03-15T11:28:42Z,3m,22570000000.0,616850000.0,71943.0,616770000.0,16629999999.999998,425500.0,830629.0,1241410.0,2690000000.0,27275.0,1091766852.0,308556.0,ok,
2026-03-15T11:28:42Z,1m,22570000000.0,616850000.0,71943.0,616770000.0,16629999999.999998,425500.0,223780.0,260144.0,1080000000.0,10994.0,305107194.0,204660.0,ok,
2026-03-15T11:28:42Z,1w,22570000000.0,616850000.0,71943.0,616770000.0,16629999999.999998,425500.0,43823.0,58218.0,282700000.0,2806.0,76891095.0,49310.0,ok,
2026-03-15T12:56:47Z,3m,22570000000.0,616910000.0,71944.0,616960000.0,16629999999.999998,425500.0,830664.0,1241414.0,2690000000.0,27275.0,1091793692.0,308565.0,ok,
2026-03-15T12:56:47Z,1m,22570000000.0,616910000.0,71944.0,616960000.0,16629999999.999998,425500.0,223815.0,260148.0,1080000000.0,10994.0,305134035.0,204669.0,ok,
2026-03-15T12:56:47Z,1w,22570000000.0,616910000.0,71944.0,616960000.0,16629999999.999998,425500.0,43858.0,58222.0,282700000.0,2806.0,76917936.0,49319.0,ok,
2026-03-16T11:50:18Z,3m,22570000000.0,624120000.0,71998.0,620460000.0,16620000000.000002,425500.0,819586.0,1225324.0,2690000000.0,27269.0,1076096512.0,314388.0,ok,
2026-03-16T11:50:18Z,1m,22570000000.0,624120000.0,71998.0,620460000.0,16620000000.000002,425500.0,218800.0,248692.0,1040000000.0,10579.0,301474847.0,204269.0,ok,
2026-03-16T11:50:18Z,1w,22570000000.0,624120000.0,71998.0,620460000.0,16620000000.000002,425500.0,42036.0,59264.0,282710000.0,2807.0,78094507.0,49666.0,ok,
2026-03-16T13:16:57Z,3m,22570000000.0,625250000.0,71998.0,621050000.0,16620000000.000002,425500.0,819750.0,1225620.0,2690000000.0,27269.0,1076375204.0,314446.0,ok,
2026-03-16T13:16:57Z,1m,22570000000.0,625250000.0,71998.0,621050000.0,16620000000.000002,425500.0,218964.0,248988.0,1040000000.0,10579.0,301753539.0,204327.0,ok,
2026-03-16T13:16:57Z,1w,22570000000.0,625250000.0,71998.0,621050000.0,16620000000.000002,425500.0,42200.0,59560.0,282710000.0,2807.0,78373198.0,49724.0,ok,
2026-03-17T11:44:42Z,3m,22680000000.0,635370000.0,72079.0,633250000.0,16710000000.0,426800.0,1096280.0,1224003.0,2720000000.0,27529.0,1068798431.0,321668.0,ok,
2026-03-17T11:44:42Z,1m,22680000000.0,635370000.0,72079.0,633250000.0,16710000000.0,426800.0,502765.0,268030.0,1110000000.0,11296.0,306706070.0,205510.0,ok,
2026-03-17T11:44:42Z,1w,22680000000.0,635370000.0,72079.0,633250000.0,16710000000.0,426800.0,324085.0,79585.0,380680000.0,3806.0,80570126.0,50827.0,ok,
2026-03-17T13:16:22Z,3m,22680000000.0,635550000.0,72081.0,633330000.0,16710000000.0,426800.0,1096380.0,1224259.0,2720000000.0,27530.0,1069171270.0,321745.0,ok,
2026-03-17T13:16:22Z,1m,22680000000.0,635550000.0,72081.0,633330000.0,16710000000.0,426800.0,502865.0,268286.0,1110000000.0,11297.0,307078909.0,205587.0,ok,
2026-03-17T13:16:22Z,1w,22680000000.0,635550000.0,72081.0,633330000.0,16710000000.0,426800.0,324185.0,79841.0,380710000.0,3807.0,80942965.0,50904.0,ok,
2026-03-18T11:48:18Z,3m,22720000000.0,638050000.0,72125.0,635140000.0,16750000000.0,427500.0,1090942.0,1209429.0,2730000000.0,27629.0,1060153484.0,328167.0,ok,
2026-03-18T11:48:18Z,1m,22720000000.0,638050000.0,72125.0,635140000.0,16750000000.0,427500.0,504190.0,276045.0,1160000000.0,11819.0,311336748.0,205111.0,ok,
2026-03-18T11:48:18Z,1w,22720000000.0,638050000.0,72125.0,635140000.0,16750000000.0,427500.0,324188.0,84557.0,335000000.0,3405.0,79143967.0,50940.0,ok,
2026-03-18T13:16:51Z,3m,22720000000.0,635120000.0,72128.0,631790000.0,16750000000.0,427500.0,1091103.0,1209597.0,2730000000.0,27629.0,1061095088.0,328254.0,ok,
2026-03-18T13:16:51Z,1m,22720000000.0,635120000.0,72128.0,631790000.0,16750000000.0,427500.0,504351.0,276213.0,1160000000.0,11819.0,312278352.0,205198.0,ok,
2026-03-18T13:16:51Z,1w,22720000000.0,635120000.0,72128.0,631790000.0,16750000000.0,427500.0,324349.0,84725.0,335000000.0,3405.0,80085571.0,51027.0,ok,
2026-03-19T11:37:45Z,3m,22760000000.0,634400000.0,72184.0,627960000.0,16780000000.000002,428200.0,1194484.0,1205896.0,2740000000.0,27723.0,1050902305.0,333643.0,ok,
2026-03-19T11:37:45Z,1m,22760000000.0,634400000.0,72184.0,627960000.0,16780000000.000002,428200.0,609752.0,291573.0,1210000000.0,12344.0,315276805.0,204576.0,ok,
2026-03-19T11:37:45Z,1w,22760000000.0,634400000.0,72184.0,627960000.0,16780000000.000002,428200.0,426245.0,99762.0,338050000.0,3448.0,78028290.0,50739.0,ok,
2026-03-19T13:09:02Z,3m,22760000000.0,635850000.0,72187.0,628750000.0,16780000000.000002,428200.0,1194746.0,1206045.0,2740000000.0,27723.0,1051017864.0,333694.0,ok,
2026-03-19T13:09:02Z,1m,22760000000.0,635850000.0,72187.0,628750000.0,16780000000.000002,428200.0,610014.0,291723.0,1210000000.0,12344.0,315392365.0,204627.0,ok,
2026-03-19T13:09:02Z,1w,22760000000.0,635850000.0,72187.0,628750000.0,16780000000.000002,428200.0,426507.0,99912.0,338050000.0,3448.0,78143850.0,50790.0,ok,
2026-03-20T11:33:31Z,3m,22800000000.0,626410000.0,72247.0,625240000.0,16809999999.999998,428800.0,1212461.0,1199339.0,2750000000.0,27832.0,1043934522.0,340375.0,ok,
2026-03-20T11:33:31Z,1m,22800000000.0,626410000.0,72247.0,625240000.0,16809999999.999998,428800.0,612053.0,296810.0,1260000000.0,12817.0,320264102.0,204806.0,ok,
2026-03-20T11:33:31Z,1w,22800000000.0,626410000.0,72247.0,625240000.0,16809999999.999998,428800.0,438035.0,105086.0,330370000.0,3404.0,79289932.0,50632.0,ok,
2026-03-20T13:03:39Z,3m,22800000000.0,626440000.0,72249.0,625180000.0,16809999999.999998,428800.0,1212701.0,1199582.0,2750000000.0,27832.0,1044206229.0,340454.0,ok,
2026-03-20T13:03:39Z,1m,22800000000.0,626440000.0,72249.0,625180000.0,16809999999.999998,428800.0,612293.0,297052.0,1260000000.0,12817.0,320535809.0,204885.0,ok,
2026-03-20T13:03:39Z,1w,22800000000.0,626440000.0,72249.0,625180000.0,16809999999.999998,428800.0,438275.0,105328.0,330370000.0,3404.0,79561639.0,50711.0,ok,
2026-03-21T11:25:25Z,3m,22860000000.0,639350000.0,72287.0,638850000.0,16840000000.0,429400.0,1212260.0,1199834.0,2800000000.0,28325.0,1047562155.0,346650.0,ok,
2026-03-21T11:25:25Z,1m,22860000000.0,639350000.0,72287.0,638850000.0,16840000000.0,429400.0,611631.0,291651.0,1220000000.0,12460.0,318254960.0,204636.0,ok,
2026-03-21T11:25:25Z,1w,22860000000.0,639350000.0,72287.0,638850000.0,16840000000.0,429400.0,446233.0,104527.0,332710000.0,3407.0,76456590.0,50430.0,ok,
2026-03-21T12:53:25Z,3m,22860000000.0,639420000.0,72287.0,638910000.0,16840000000.0,429400.0,1212340.0,1199858.0,2800000000.0,28325.0,1047616528.0,346671.0,ok,
2026-03-21T12:53:25Z,1m,22860000000.0,639420000.0,72287.0,638910000.0,16840000000.0,429400.0,611711.0,291675.0,1220000000.0,12460.0,318309333.0,204657.0,ok,
2026-03-21T12:53:25Z,1w,22860000000.0,639420000.0,72287.0,638910000.0,16840000000.0,429400.0,446313.0,104551.0,332710000.0,3407.0,76510964.0,50451.0,ok,
2026-03-22T11:25:51Z,3m,22860000000.0,637080000.0,72324.0,636480000.0,16840000000.0,429400.0,1208529.0,1194780.0,2800000000.0,28326.0,1044556832.0,347265.0,ok,
2026-03-22T11:25:51Z,1m,22860000000.0,637080000.0,72324.0,636480000.0,16840000000.0,429400.0,608751.0,281725.0,1180000000.0,12087.0,310234086.0,199874.0,ok,
2026-03-22T11:25:51Z,1w,22860000000.0,637080000.0,72324.0,636480000.0,16840000000.0,429400.0,448265.0,103468.0,293970000.0,3023.0,71813170.0,45100.0,ok,
2026-03-22T12:55:28Z,3m,22850000000.0,637100000.0,72325.0,636390000.0,16840000000.0,429400.0,1210427.0,1194880.0,2800000000.0,28326.0,1044602751.0,347283.0,ok,
2026-03-22T12:55:28Z,1m,22850000000.0,637100000.0,72325.0,636390000.0,16840000000.0,429400.0,610649.0,281824.0,1180000000.0,12087.0,310280005.0,199892.0,ok,
2026-03-22T12:55:28Z,1w,22850000000.0,637100000.0,72325.0,636390000.0,16840000000.0,429400.0,450163.0,103568.0,293970000.0,3023.0,71859090.0,45118.0,ok,
2026-03-23T11:44:51Z,3m,22850000000.0,636720000.0,72368.0,634920000.0,16829999999.999998,429400.0,1201545.0,1179516.0,2800000000.0,28322.0,1033034241.0,358656.0,ok,
2026-03-23T11:44:51Z,1m,22850000000.0,636720000.0,72368.0,634920000.0,16829999999.999998,429400.0,610092.0,275572.0,1150000000.0,11701.0,309831781.0,204719.0,ok,
2026-03-23T11:44:51Z,1w,22850000000.0,636720000.0,72368.0,634920000.0,16829999999.999998,429400.0,316760.0,103973.0,294000000.0,3025.0,75018837.0,49660.0,ok,
2026-03-23T13:11:43Z,3m,22850000000.0,637160000.0,72369.0,635480000.0,16829999999.999998,429400.0,1201662.0,1179687.0,2800000000.0,28322.0,1033221576.0,358714.0,ok,
2026-03-23T13:11:43Z,1m,22850000000.0,637160000.0,72369.0,635480000.0,16829999999.999998,429400.0,610209.0,275743.0,1150000000.0,11701.0,310019117.0,204777.0,ok,
2026-03-23T13:11:43Z,1w,22850000000.0,637160000.0,72369.0,635480000.0,16829999999.999998,429400.0,316877.0,104144.0,294000000.0,3025.0,75206172.0,49718.0,ok,
2026-03-24T11:46:47Z,3m,22940000000.0,638200000.0,72428.0,637340000.0,16899999999.999998,430700.0,1200976.0,1168829.0,2840000000.0,28765.0,1024831931.0,365492.0,ok,
2026-03-24T11:46:47Z,1m,22940000000.0,638200000.0,72428.0,637340000.0,16899999999.999998,430700.0,618811.0,289809.0,1180000000.0,12117.0,312852411.0,205780.0,ok,
2026-03-24T11:46:47Z,1w,22940000000.0,638200000.0,72428.0,637340000.0,16899999999.999998,430700.0,171828.0,105798.0,387250000.0,4003.0,76307326.0,50252.0,ok,
2026-03-24T13:15:57Z,3m,22940000000.0,638210000.0,72429.0,637260000.0,16899999999.999998,430700.0,1201127.0,1168649.0,2840000000.0,28765.0,1025099213.0,365570.0,ok,
2026-03-24T13:15:57Z,1m,22940000000.0,638210000.0,72429.0,637260000.0,16899999999.999998,430700.0,618962.0,289630.0,1180000000.0,12117.0,313119693.0,205858.0,ok,
2026-03-24T13:15:57Z,1w,22940000000.0,638210000.0,72429.0,637260000.0,16899999999.999998,430700.0,171979.0,105619.0,387250000.0,4003.0,76574608.0,50330.0,ok,
2026-03-25T11:42:59Z,3m,22990000000.0,633050000.0,72511.0,631820000.0,16950000000.0,431400.0,1204832.0,1162269.0,2840000000.0,28812.0,1019434098.0,371474.0,ok,
2026-03-25T11:42:59Z,1m,22990000000.0,633050000.0,72511.0,631820000.0,16950000000.0,431400.0,624608.0,303637.0,1240000000.0,12674.0,318253244.0,205684.0,ok,
2026-03-25T11:42:59Z,1w,22990000000.0,633050000.0,72511.0,631820000.0,16950000000.0,431400.0,98937.0,99833.0,342590000.0,3555.0,75127092.0,49043.0,ok,
2026-03-25T13:14:57Z,3m,22990000000.0,632820000.0,72513.0,631420000.0,16940000000.000002,431400.0,1205044.0,1162558.0,2840000000.0,28812.0,1019891404.0,371558.0,ok,
2026-03-25T13:14:57Z,1m,22990000000.0,632820000.0,72513.0,631420000.0,16940000000.000002,431400.0,624820.0,303926.0,1240000000.0,12674.0,318710550.0,205768.0,ok,
2026-03-25T13:14:57Z,1w,22990000000.0,632820000.0,72513.0,631420000.0,16940000000.000002,431400.0,99149.0,100121.0,342590000.0,3555.0,75584398.0,49127.0,ok,
2026-03-26T11:52:05Z,3m,23060000000.0,657130000.0,72602.0,647780000.0,16980000000.0,432100.0,1209389.0,1180254.0,2850000000.0,28917.0,1025964450.0,378135.0,ok,
2026-03-26T11:52:05Z,1m,23060000000.0,657130000.0,72602.0,647780000.0,16980000000.0,432100.0,628440.0,321365.0,1290000000.0,13160.0,319646770.0,206527.0,ok,
2026-03-26T11:52:05Z,1w,23060000000.0,657130000.0,72602.0,647780000.0,16980000000.0,432100.0,69907.0,103789.0,341890000.0,3525.0,75096271.0,49045.0,ok,
2026-03-26T13:20:02Z,3m,23060000000.0,657000000.0,72604.0,647490000.0,16980000000.0,432100.0,1209542.0,1180124.0,2850000000.0,28917.0,1026056662.0,378217.0,ok,
2026-03-26T13:20:02Z,1m,23060000000.0,657000000.0,72604.0,647490000.0,16980000000.0,432100.0,628593.0,321235.0,1290000000.0,13160.0,319738983.0,206609.0,ok,
2026-03-26T13:20:02Z,1w,23060000000.0,657000000.0,72604.0,647490000.0,16980000000.0,432100.0,70060.0,103660.0,341890000.0,3525.0,75188484.0,49127.0,ok,
2026-03-27T11:42:59Z,3m,23090000000.0,634700000.0,72687.0,633740000.0,17010000000.000002,432700.0,1213557.0,1180998.0,2890000000.0,29336.0,1022377270.0,384450.0,ok,
2026-03-27T11:42:59Z,1m,23090000000.0,634700000.0,72687.0,633740000.0,17010000000.000002,432700.0,631616.0,325692.0,1250000000.0,12748.0,318116671.0,206270.0,ok,
2026-03-27T11:42:59Z,1w,23090000000.0,634700000.0,72687.0,633740000.0,17010000000.000002,432700.0,63980.0,98881.0,336580000.0,3424.0,75382857.0,49842.0,ok,
2026-03-27T13:10:37Z,3m,23090000000.0,634680000.0,72688.0,633700000.0,17010000000.000002,432700.0,1213862.0,1181302.0,2890000000.0,29336.0,1022538545.0,384506.0,ok,
2026-03-27T13:10:37Z,1m,23090000000.0,634680000.0,72688.0,633700000.0,17010000000.000002,432700.0,631921.0,325996.0,1250000000.0,12748.0,318277946.0,206326.0,ok,
2026-03-27T13:10:37Z,1w,23090000000.0,634680000.0,72688.0,633700000.0,17010000000.000002,432700.0,64285.0,99185.0,336580000.0,3424.0,75544132.0,49898.0,ok,
2026-03-28T11:30:44Z,3m,23140000000.0,648790000.0,72757.0,645430000.0,17030000000.000002,433300.0,1218849.0,1183418.0,2900000000.0,29449.0,1027098000.0,392192.0,ok,
2026-03-28T11:30:44Z,1m,23140000000.0,648790000.0,72757.0,645430000.0,17030000000.000002,433300.0,613332.0,327861.0,1250000000.0,12708.0,318978067.0,208034.0,ok,
2026-03-28T11:30:44Z,1w,23140000000.0,648790000.0,72757.0,645430000.0,17030000000.000002,433300.0,64673.0,97703.0,329660000.0,3353.0,74700909.0,50602.0,ok,
2026-03-28T12:58:41Z,3m,23140000000.0,648840000.0,72761.0,645460000.0,17030000000.000002,433300.0,1218930.0,1183458.0,2900000000.0,29449.0,1027128921.0,392219.0,ok,
2026-03-28T12:58:41Z,1m,23140000000.0,648840000.0,72761.0,645460000.0,17030000000.000002,433300.0,613413.0,327901.0,1250000000.0,12708.0,319008988.0,208061.0,ok,
2026-03-28T12:58:41Z,1w,23140000000.0,648840000.0,72761.0,645460000.0,17030000000.000002,433300.0,64753.0,97743.0,329660000.0,3353.0,74731830.0,50629.0,ok,
2026-03-29T11:31:32Z,3m,23130000000.0,645270000.0,72805.0,645020000.0,17030000000.000002,433300.0,1216105.0,1181259.0,2900000000.0,29448.0,1026406128.0,396817.0,ok,
2026-03-29T11:31:32Z,1m,23130000000.0,645270000.0,72805.0,645020000.0,17030000000.000002,433300.0,611588.0,323869.0,1200000000.0,12274.0,314777576.0,206098.0,ok,
2026-03-29T11:31:32Z,1w,23130000000.0,645270000.0,72805.0,645020000.0,17030000000.000002,433300.0,63270.0,96182.0,280800000.0,2860.0,73500079.0,49662.0,ok,
2026-03-29T12:59:40Z,3m,23130000000.0,645300000.0,72808.0,645030000.0,17030000000.000002,433300.0,1216177.0,1181312.0,2900000000.0,29448.0,1026408813.0,396824.0,ok,
2026-03-29T12:59:40Z,1m,23130000000.0,645300000.0,72808.0,645030000.0,17030000000.000002,433300.0,611678.0,323922.0,1200000000.0,12274.0,314780261.0,206105.0,ok,
2026-03-29T12:59:40Z,1w,23130000000.0,645300000.0,72808.0,645030000.0,17030000000.000002,433300.0,63342.0,96235.0,280800000.0,2860.0,73502764.0,49669.0,ok,
2026-03-30T08:25:46Z,24h,23150000000.0,657700000.0,72845.0,657220000.0,17030000000.000002,433300.0,1919.0,460.0,0.0,0.0,554729.0,137.0,ok,
2026-03-30T08:25:46Z,3m,23150000000.0,657700000.0,72845.0,657220000.0,17030000000.000002,433300.0,1209169.0,1167270.0,2900000000.0,29445.0,1006034013.0,397263.0,ok,
2026-03-30T08:25:46Z,1m,23150000000.0,657700000.0,72845.0,657220000.0,17030000000.000002,433300.0,609998.0,316989.0,1160000000.0,11809.0,304220496.0,199645.0,ok,
2026-03-30T08:25:46Z,1w,23150000000.0,657700000.0,72845.0,657220000.0,17030000000.000002,433300.0,59163.0,95392.0,280750000.0,2858.0,69218468.0,44204.0,ok,
2026-03-31T01:23:20Z,24h,23130000000.0,640500000.0,72899.0,640030000.0,17000000000.0,433300.0,504.0,1171.0,0.0,0.0,914262.0,50.0,ok,
2026-03-31T01:23:20Z,3m,23130000000.0,640500000.0,72899.0,640030000.0,17000000000.0,433300.0,1207762.0,1155268.0,2850000000.0,28909.0,1002495506.0,402961.0,ok,
2026-03-31T01:23:20Z,1m,23130000000.0,640500000.0,72899.0,640030000.0,17000000000.0,433300.0,613728.0,321709.0,1130000000.0,11491.0,312522433.0,197776.0,ok,
2026-03-31T01:23:20Z,1w,23130000000.0,640500000.0,72899.0,640030000.0,17000000000.0,433300.0,53732.0,91973.0,280760000.0,2856.0,75961979.0,43399.0,ok,
2026-04-01T01:30:10Z,24h,23180000000.0,640890000.0,72977.0,640570000.0,17040000000.0,433900.0,285.0,761.0,0.0,0.0,126169.0,47.0,ok,
2026-04-01T01:30:10Z,3m,23180000000.0,640890000.0,72977.0,640570000.0,17040000000.0,433900.0,1213459.0,1152641.0,2900000000.0,29418.0,1012096459.0,405333.0,ok,
2026-04-01T01:30:10Z,1m,23180000000.0,640890000.0,72977.0,640570000.0,17040000000.0,433900.0,618581.0,332001.0,1190000000.0,12124.0,321530759.0,184196.0,ok,
2026-04-01T01:30:10Z,1w,23180000000.0,640890000.0,72977.0,640570000.0,17040000000.0,433900.0,54039.0,86703.0,250380000.0,2514.0,87864900.0,39050.0,ok,
2026-04-02T01:20:17Z,24h,23210000000.0,645660000.0,73058.0,645580000.0,17070000000.0,434300.0,288.0,508.0,0.0,0.0,97285.0,70.0,ok,
2026-04-02T01:20:17Z,3m,23210000000.0,645660000.0,73058.0,645580000.0,17070000000.0,434300.0,1216481.0,1156261.0,2920000000.0,29586.0,1018108725.0,412551.0,ok,
2026-04-02T01:20:17Z,1m,23210000000.0,645660000.0,73058.0,645580000.0,17070000000.0,434300.0,618783.0,334418.0,1220000000.0,12429.0,324934576.0,184055.0,ok,
2026-04-02T01:20:17Z,1w,23210000000.0,645660000.0,73058.0,645580000.0,17070000000.0,434300.0,52102.0,71611.0,225000000.0,2261.0,89688198.0,40136.0,ok,
2026-04-03T01:22:30Z,24h,23330000000.0,638610000.0,73140.0,638350000.0,17180000000.0,436100.0,205.0,492.0,0.0,0.0,147681.0,50.0,ok,
2026-04-03T01:22:30Z,3m,23330000000.0,638610000.0,73140.0,638350000.0,17180000000.0,436100.0,1223854.0,1158878.0,3030000000.0,30790.0,1024456477.0,420587.0,ok,
2026-04-03T01:22:30Z,1m,23330000000.0,638610000.0,73140.0,638350000.0,17180000000.0,436100.0,626741.0,337591.0,1250000000.0,12752.0,335353655.0,185290.0,ok,
2026-04-03T01:22:30Z,1w,23330000000.0,638530000.0,73140.0,638350000.0,17180000000.0,436100.0,56910.0,72510.0,295810000.0,2980.0,100159030.0,41542.0,ok,
2026-04-04T01:16:52Z,24h,23370000000.0,636690000.0,73200.0,636670000.0,17210000000.0,436800.0,138.0,210.0,0.0,0.0,62296.0,39.0,ok,
2026-04-04T01:16:52Z,3m,23370000000.0,636690000.0,73200.0,636670000.0,17210000000.0,436800.0,1229859.0,1159397.0,3050000000.0,30905.0,1031894559.0,428008.0,ok,
2026-04-04T01:16:52Z,1m,23370000000.0,636690000.0,73200.0,636670000.0,17210000000.0,436800.0,629519.0,340656.0,1260000000.0,12810.0,339383007.0,187077.0,ok,
2026-04-04T01:16:52Z,1w,23370000000.0,636690000.0,73200.0,636670000.0,17210000000.0,436800.0,59379.0,70572.0,303360000.0,3093.0,103656169.0,42350.0,ok,
2026-04-05T01:26:09Z,24h,23410000000.0,638090000.0,73250.0,638080000.0,17240000000.0,437400.0,80.0,50.0,10000.0,1.0,32270.0,25.0,ok,
2026-04-05T01:26:09Z,3m,23410000000.0,638090000.0,73250.0,638080000.0,17240000000.0,437400.0,1230204.0,1157046.0,3080000000.0,31339.0,1032574340.0,433325.0,ok,
2026-04-05T01:26:09Z,1m,23410000000.0,638090000.0,73250.0,638080000.0,17240000000.0,437400.0,629198.0,336127.0,1250000000.0,12706.0,334318033.0,185897.0,ok,
2026-04-05T01:26:09Z,1w,23410000000.0,638090000.0,73250.0,638080000.0,17240000000.0,437400.0,61350.0,68177.0,302570000.0,3127.0,101383503.0,40651.0,ok,
2026-04-06T01:26:11Z,24h,23410000000.0,640150000.0,73295.0,639950000.0,17250000000.0,437400.0,116.0,40.0,0.0,0.0,37627.0,23.0,ok,
2026-04-06T01:26:11Z,3m,23410000000.0,640150000.0,73295.0,639950000.0,17250000000.0,437400.0,1222836.0,1142562.0,3080000000.0,31334.0,1021131296.0,439167.0,ok,
2026-04-06T01:26:11Z,1m,23410000000.0,640150000.0,73295.0,639950000.0,17250000000.0,437400.0,628466.0,329910.0,1200000000.0,12193.0,328042946.0,185332.0,ok,
2026-04-06T01:26:11Z,1w,23410000000.0,640150000.0,73295.0,639950000.0,17250000000.0,437400.0,56629.0,67498.0,302630000.0,3128.0,102891066.0,42041.0,ok,
2026-04-07T01:23:56Z,24h,23400000000.0,634300000.0,73374.0,633790000.0,17230000000.0,437400.0,200.0,693.0,8500.0,1.0,201205.0,40.0,ok,
2026-04-07T01:23:56Z,3m,23400000000.0,634300000.0,73374.0,633790000.0,17230000000.0,437400.0,1220298.0,1132257.0,3040000000.0,30880.0,1017579188.0,445316.0,ok,
2026-04-07T01:23:56Z,1m,23400000000.0,634300000.0,73374.0,633790000.0,17230000000.0,437400.0,633814.0,336550.0,1160000000.0,11820.0,335883243.0,186070.0,ok,
2026-04-07T01:23:56Z,1w,23400000000.0,634300000.0,73374.0,633790000.0,17230000000.0,437400.0,53086.0,68732.0,302710000.0,3130.0,100907377.0,42405.0,ok,
2026-04-08T01:24:52Z,24h,23490000000.0,638180000.0,73463.0,637740000.0,17290000000.0,438700.0,242.0,604.0,0.0,0.0,119401.0,45.0,ok,
2026-04-08T01:24:52Z,3m,23490000000.0,638180000.0,73463.0,637740000.0,17290000000.0,438700.0,1221383.0,1125587.0,3110000000.0,31634.0,1009156917.0,450958.0,ok,
2026-04-08T01:24:52Z,1m,23490000000.0,638180000.0,73463.0,637740000.0,17290000000.0,438700.0,641334.0,348326.0,1250000000.0,12785.0,341997409.0,186236.0,ok,
2026-04-08T01:24:52Z,1w,23490000000.0,638180000.0,73463.0,637740000.0,17290000000.0,438700.0,56794.0,69344.0,329230000.0,3461.0,88228520.0,45672.0,ok,
2026-04-09T01:16:04Z,24h,23530000000.0,630490000.0,73546.0,630400000.0,17320000000.0,439400.0,204.0,566.0,0.0,0.0,163307.0,51.0,ok,
2026-04-09T01:16:04Z,3m,23530000000.0,630490000.0,73546.0,630400000.0,17320000000.0,439400.0,1224396.0,1118913.0,3130000000.0,31829.0,1006159059.0,457152.0,ok,
2026-04-09T01:16:04Z,1m,23530000000.0,630490000.0,73546.0,630400000.0,17320000000.0,439400.0,646340.0,354414.0,1300000000.0,13317.0,348450477.0,186311.0,ok,
2026-04-09T01:16:04Z,1w,23530000000.0,630490000.0,73546.0,630400000.0,17320000000.0,439400.0,53934.0,71319.0,351210000.0,3691.0,90715496.0,44671.0,ok,
2026-04-10T01:25:40Z,24h,23580000000.0,632560000.0,73644.0,632240000.0,17360000000.0,440100.0,367.0,480.0,24500.0,2.0,296653.0,48.0,ok,
2026-04-10T01:25:40Z,3m,23580000000.0,632560000.0,73644.0,632240000.0,17360000000.0,440100.0,1228280.0,1113386.0,3140000000.0,32010.0,1003319122.0,464181.0,ok,
2026-04-10T01:25:40Z,1m,23580000000.0,632560000.0,73644.0,632240000.0,17360000000.0,440100.0,649166.0,356122.0,1260000000.0,12906.0,350923515.0,186954.0,ok,
2026-04-10T01:25:40Z,1w,23580000000.0,632560000.0,73644.0,632240000.0,17360000000.0,440100.0,53928.0,66325.0,282750000.0,2994.0,84289230.0,43644.0,ok,
2026-04-11T01:20:20Z,24h,23600000000.0,624920000.0,73713.0,624560000.0,17390000000.0,440600.0,246.0,463.0,0.0,0.0,80336.0,47.0,ok,
2026-04-11T01:20:20Z,3m,23600000000.0,624920000.0,73713.0,624560000.0,17390000000.0,440600.0,1234053.0,1116089.0,3150000000.0,32182.0,1007506290.0,471560.0,ok,
2026-04-11T01:20:20Z,1m,23600000000.0,624920000.0,73713.0,624560000.0,17390000000.0,440600.0,647845.0,359179.0,1250000000.0,12846.0,350957930.0,188656.0,ok,
2026-04-11T01:20:20Z,1w,23600000000.0,624920000.0,73713.0,624560000.0,17390000000.0,440600.0,57752.0,66350.0,270130000.0,2880.0,82308414.0,43591.0,ok,
2026-04-12T01:29:57Z,24h,23650000000.0,633040000.0,73787.0,633030000.0,17420000000.0,441200.0,166.0,48.0,0.0,0.0,22096.0,21.0,ok,
2026-04-12T01:29:57Z,3m,23650000000.0,633040000.0,73787.0,633030000.0,17420000000.0,441200.0,1235774.0,1115058.0,3190000000.0,32587.0,1008801668.0,477078.0,ok,
2026-04-12T01:29:57Z,1m,23650000000.0,633040000.0,73787.0,633030000.0,17420000000.0,441200.0,649755.0,353356.0,1230000000.0,12737.0,345661748.0,187335.0,ok,
2026-04-12T01:29:57Z,1w,23650000000.0,633040000.0,73787.0,633030000.0,17420000000.0,441200.0,62204.0,67350.0,269910000.0,2854.0,82874553.0,43778.0,ok,
2026-04-13T01:47:22Z,24h,23640000000.0,631030000.0,73845.0,630900000.0,17420000000.0,441200.0,172.0,73.0,0.0,0.0,59044.0,30.0,ok,
2026-04-13T01:47:22Z,3m,23640000000.0,631030000.0,73845.0,630900000.0,17420000000.0,441200.0,1228232.0,1106655.0,3190000000.0,32585.0,996482392.0,483205.0,ok,
2026-04-13T01:47:22Z,1m,23640000000.0,631030000.0,73845.0,630900000.0,17420000000.0,441200.0,650276.0,342296.0,1190000000.0,12249.0,339209967.0,186985.0,ok,
2026-04-13T01:47:22Z,1w,23640000000.0,631030000.0,73845.0,630900000.0,17420000000.0,441200.0,58845.0,68289.0,269910000.0,2854.0,83279125.0,44061.0,ok,
2026-04-14T01:29:39Z,24h,23640000000.0,628980000.0,73924.0,628640000.0,17400000000.0,441200.0,282.0,696.0,0.0,0.0,71941.0,46.0,ok,
2026-04-14T01:29:39Z,3m,23640000000.0,628980000.0,73924.0,628640000.0,17400000000.0,441200.0,1223632.0,1099778.0,3120000000.0,31948.0,995805703.0,489143.0,ok,
2026-04-14T01:29:39Z,1m,23640000000.0,628980000.0,73924.0,628640000.0,17400000000.0,441200.0,656288.0,350128.0,1150000000.0,11866.0,348914714.0,186978.0,ok,
2026-04-14T01:29:39Z,1w,23640000000.0,628980000.0,73924.0,628640000.0,17400000000.0,441200.0,55128.0,71990.0,269810000.0,2853.0,84760149.0,43867.0,ok,
2026-04-15T01:25:49Z,24h,23740000000.0,626560000.0,74020.0,626290000.0,17500000000.0,442700.0,342.0,604.0,0.0,0.0,600666.0,48.0,ok,
2026-04-15T01:25:49Z,3m,23740000000.0,626560000.0,74020.0,626290000.0,17500000000.0,442700.0,1225692.0,1091780.0,3190000000.0,32653.0,993915592.0,495287.0,ok,
2026-04-15T01:25:49Z,1m,23740000000.0,626560000.0,74020.0,626290000.0,17500000000.0,442700.0,532477.0,361552.0,1250000000.0,12935.0,356852247.0,186291.0,ok,
2026-04-15T01:25:49Z,1w,23740000000.0,626560000.0,74020.0,626290000.0,17500000000.0,442700.0,56358.0,72528.0,279950000.0,2956.0,88376535.0,44374.0,ok,
2026-04-16T01:46:35Z,24h,23790000000.0,625820000.0,74106.0,625610000.0,17540000000.0,443400.0,373.0,673.0,90300.0,1.0,252991.0,56.0,ok,
2026-04-16T01:46:35Z,3m,23790000000.0,625820000.0,74106.0,625610000.0,17540000000.0,443400.0,1226619.0,1090464.0,3200000000.0,32815.0,985490668.0,502956.0,ok,
2026-04-16T01:46:35Z,1m,23790000000.0,625820000.0,74106.0,625610000.0,17540000000.0,443400.0,387154.0,365090.0,1300000000.0,13458.0,359557318.0,187716.0,ok,
2026-04-16T01:46:35Z,1w,23790000000.0,625820000.0,74106.0,625610000.0,17540000000.0,443400.0,58016.0,79253.0,282580000.0,2943.0,85623213.0,45855.0,ok,
2026-04-17T01:29:27Z,24h,23860000000.0,645860000.0,74199.0,643760000.0,17570000000.0,444200.0,286.0,617.0,0.0,0.0,105090.0,47.0,ok,
2026-04-17T01:29:27Z,3m,23860000000.0,645860000.0,74199.0,643760000.0,17570000000.0,444200.0,1232641.0,1083233.0,3220000000.0,32988.0,982536975.0,510301.0,ok,
2026-04-17T01:29:27Z,1m,23860000000.0,645860000.0,74199.0,643760000.0,17570000000.0,444200.0,316353.0,356796.0,1250000000.0,12987.0,362430340.0,187870.0,ok,
2026-04-17T01:29:27Z,1w,23860000000.0,645860000.0,74199.0,643760000.0,17570000000.0,444200.0,60042.0,81947.0,280940000.0,2965.0,85560872.0,46120.0,ok,
2026-04-18T01:22:57Z,24h,23910000000.0,643790000.0,74327.0,643490000.0,17610000000.0,445000.0,240.0,498.0,0.0,0.0,187739.0,48.0,ok,
2026-04-18T01:22:57Z,3m,23910000000.0,643790000.0,74327.0,643490000.0,17610000000.0,445000.0,1243084.0,1084038.0,3250000000.0,33244.0,988850815.0,518579.0,ok,
2026-04-18T01:22:57Z,1m,23910000000.0,643790000.0,74327.0,643490000.0,17610000000.0,445000.0,288120.0,346799.0,1250000000.0,12993.0,364882145.0,189489.0,ok,
2026-04-18T01:22:57Z,1w,23910000000.0,643790000.0,74327.0,643490000.0,17610000000.0,445000.0,63781.0,81935.0,292370000.0,3068.0,87443765.0,47019.0,ok,
2026-04-19T01:46:00Z,24h,23950000000.0,641290000.0,74420.0,641210000.0,17650000000.0,445600.0,136.0,86.0,0.0,0.0,81410.0,21.0,ok,
2026-04-19T01:46:00Z,3m,23950000000.0,641290000.0,74420.0,641210000.0,17650000000.0,445600.0,1248107.0,1081583.0,3290000000.0,33710.0,991401139.0,525134.0,ok,
2026-04-19T01:46:00Z,1m,23950000000.0,641290000.0,74420.0,641210000.0,17650000000.0,445600.0,278596.0,334223.0,1250000000.0,12933.0,362919008.0,190526.0,ok,
2026-04-19T01:46:00Z,1w,23950000000.0,641290000.0,74420.0,641210000.0,17650000000.0,445600.0,66249.0,82458.0,300330000.0,3126.0,89913323.0,48056.0,ok,
2026-04-20T01:47:58Z,24h,23940000000.0,639600000.0,74512.0,639320000.0,17650000000.0,445600.0,216.0,112.0,0.0,0.0,113813.0,30.0,ok,
2026-04-20T01:47:58Z,3m,23940000000.0,639600000.0,74512.0,639320000.0,17650000000.0,445600.0,1246088.0,1076877.0,3290000000.0,33706.0,990884746.0,530173.0,ok,
2026-04-20T01:47:58Z,1m,23940000000.0,639600000.0,74512.0,639320000.0,17650000000.0,445600.0,273200.0,322724.0,1200000000.0,12459.0,356207626.0,188583.0,ok,
2026-04-20T01:47:58Z,1w,23940000000.0,639600000.0,74512.0,639320000.0,17650000000.0,445600.0,61832.0,82211.0,300280000.0,3124.0,88876085.0,46968.0,ok,
2026-04-21T01:29:29Z,24h,23940000000.0,642780000.0,74611.0,642390000.0,17630000000.0,445600.0,339.0,878.0,0.0,0.0,169601.0,38.0,ok,
2026-04-21T01:29:29Z,3m,23940000000.0,642780000.0,74611.0,642390000.0,17630000000.0,445600.0,1244624.0,1073776.0,3290000000.0,33703.0,984227086.0,536966.0,ok,
2026-04-21T01:29:29Z,1m,23940000000.0,642780000.0,74611.0,642390000.0,17630000000.0,445600.0,274597.0,327518.0,1150000000.0,11968.0,363708149.0,189811.0,ok,
2026-04-21T01:29:29Z,1w,23940000000.0,642780000.0,74611.0,642390000.0,17630000000.0,445600.0,55364.0,80216.0,300110000.0,3124.0,86314024.0,47823.0,ok,
2026-04-22T01:28:17Z,24h,24020000000.0,632750000.0,74703.0,632640000.0,17710000000.0,446800.0,240.0,659.0,20200.0,1.0,89789.0,42.0,ok,
2026-04-22T01:28:17Z,3m,24020000000.0,632750000.0,74703.0,632640000.0,17710000000.0,446800.0,1247447.0,1071647.0,3320000000.0,33942.0,978818918.0,542865.0,ok,
2026-04-22T01:28:17Z,1m,24020000000.0,632750000.0,74703.0,632640000.0,17710000000.0,446800.0,282253.0,344167.0,1250000000.0,12922.0,370820112.0,189806.0,ok,
2026-04-22T01:28:17Z,1w,24020000000.0,632750000.0,74703.0,632640000.0,17710000000.0,446800.0,58646.0,85978.0,294160000.0,3011.0,83670833.0,47578.0,ok,
2026-04-23T01:46:44Z,24h,24050000000.0,614070000.0,74817.0,613420000.0,17740000000.0,447600.0,369.0,596.0,0.0,0.0,144245.0,50.0,ok,
2026-04-23T01:46:44Z,3m,24050000000.0,614070000.0,74817.0,613420000.0,17740000000.0,447600.0,1246273.0,1066419.0,3330000000.0,34145.0,976832889.0,549533.0,ok,
2026-04-23T01:46:44Z,1m,24050000000.0,614070000.0,74817.0,613420000.0,17740000000.0,447600.0,282680.0,348005.0,1300000000.0,13455.0,375214047.0,189971.0,ok,
2026-04-23T01:46:44Z,1w,24050000000.0,614070000.0,74817.0,613420000.0,17740000000.0,447600.0,58815.0,82813.0,289050000.0,3024.0,85926503.0,46577.0,ok,
2026-04-24T01:45:46Z,24h,24100000000.0,603610000.0,74932.0,603560000.0,17780000000.0,448300.0,318.0,587.0,0.0,0.0,170467.0,52.0,ok,
2026-04-24T01:45:46Z,3m,24100000000.0,603610000.0,74932.0,603560000.0,17780000000.0,448300.0,1241403.0,1052938.0,3360000000.0,34320.0,978963789.0,557098.0,ok,
2026-04-24T01:45:46Z,1m,24100000000.0,603610000.0,74932.0,603560000.0,17780000000.0,448300.0,285449.0,346322.0,1270000000.0,13088.0,384510725.0,190815.0,ok,
2026-04-24T01:45:46Z,1w,24100000000.0,603610000.0,74932.0,603560000.0,17780000000.0,448300.0,60860.0,85331.0,305050000.0,3098.0,92182912.0,46797.0,ok,
2026-04-25T01:25:45Z,24h,24140000000.0,595100000.0,75015.0,594960000.0,17830000000.0,449100.0,230.0,555.0,0.0,0.0,207395.0,51.0,ok,
2026-04-25T01:25:45Z,3m,24140000000.0,595100000.0,75015.0,594960000.0,17830000000.0,449100.0,1247241.0,1055789.0,3360000000.0,34392.0,982791715.0,564889.0,ok,
2026-04-25T01:25:45Z,1m,24140000000.0,595100000.0,75015.0,594960000.0,17830000000.0,449100.0,288338.0,335536.0,1260000000.0,13075.0,384800743.0,192474.0,ok,
2026-04-25T01:25:45Z,1w,24140000000.0,595100000.0,75015.0,594960000.0,17830000000.0,449100.0,67318.0,88580.0,303650000.0,3118.0,89744193.0,46310.0,ok,
2026-04-26T01:47:47Z,24h,24190000000.0,595390000.0,75100.0,595320000.0,17870000000.0,449700.0,95.0,95.0,0.0,0.0,95547.0,17.0,ok,
2026-04-26T01:47:47Z,3m,24190000000.0,595390000.0,75100.0,595320000.0,17870000000.0,449700.0,1238496.0,1056781.0,3410000000.0,34929.0,984677704.0,570841.0,ok,
2026-04-26T01:47:47Z,1m,24190000000.0,595390000.0,75100.0,595320000.0,17870000000.0,449700.0,286007.0,328392.0,1260000000.0,13122.0,380543899.0,191796.0,ok,
2026-04-26T01:47:47Z,1w,24190000000.0,595390000.0,75100.0,595320000.0,17870000000.0,449700.0,71452.0,89908.0,305190000.0,3189.0,87529948.0,45707.0,ok,
2026-04-27T01:51:56Z,24h,24190000000.0,597660000.0,75186.0,597500000.0,17870000000.0,449700.0,215.0,110.0,0.0,0.0,59783.0,21.0,ok,
2026-04-27T01:51:56Z,3m,24190000000.0,597660000.0,75186.0,597500000.0,17870000000.0,449700.0,1217100.0,1028383.0,3410000000.0,34927.0,981533834.0,571312.0,ok,
2026-04-27T01:51:56Z,1m,24190000000.0,597660000.0,75186.0,597500000.0,17870000000.0,449700.0,283696.0,319247.0,1220000000.0,12697.0,376812465.0,191199.0,ok,
2026-04-27T01:51:56Z,1w,24190000000.0,597660000.0,75186.0,597500000.0,17870000000.0,449700.0,68919.0,91716.0,305190000.0,3189.0,89394351.0,46684.0,ok,
2026-04-28T01:59:26Z,24h,24170000000.0,586520000.0,75280.0,585230000.0,17850000000.0,449700.0,373.0,913.0,0.0,0.0,145059.0,56.0,ok,
2026-04-28T01:59:26Z,3m,24170000000.0,586520000.0,75280.0,585230000.0,17850000000.0,449700.0,1215971.0,1018063.0,3340000000.0,34256.0,989605731.0,572291.0,ok,
2026-04-28T01:59:26Z,1m,24170000000.0,586520000.0,75280.0,585230000.0,17850000000.0,449700.0,288856.0,329578.0,1180000000.0,12296.0,385824891.0,190513.0,ok,
2026-04-28T01:59:26Z,1w,24170000000.0,586520000.0,75280.0,585230000.0,17850000000.0,449700.0,63847.0,97796.0,305170000.0,3188.0,92240377.0,46221.0,ok,
